cadeia,ordem,feature,sadio,defeito,separacao
Referência 20 kHz,1,curtose,1.8033191935380093,4.640616677702024,2.8372974841640146
Referência 20 kHz,1,fator de crista,2.1676608154902746,4.573063601912906,2.405402786422631
Referência 20 kHz,1,pico,0.8115566051758336,2.379736266683058,1.5681796615072245
Referência 20 kHz,1,pico-a-pico,1.411924943110885,4.625625174404737,3.2137002312938523
MPU6050 c/ antialias,2,curtose,1.7605137573395837,1.7696204776657465,0.009106720326162776
MPU6050 c/ antialias,2,fator de crista,1.8267586812250303,1.8330537072310082,0.006295026005977977
MPU6050 c/ antialias,2,pico,0.6793641954023558,0.6829292427797355,0.0035650473773797264
MPU6050 c/ antialias,2,pico-a-pico,1.1518351065093082,1.23324957066515,0.08141446415584186
MPU6050 s/ antialias,3,curtose,1.8238051399490887,4.547343403937026,2.723538263987937
MPU6050 s/ antialias,3,fator de crista,2.142716678374891,4.240165004336095,2.0974483259612042
MPU6050 s/ antialias,3,pico,0.8028945675839885,2.1896239805935145,1.386729413009526
MPU6050 s/ antialias,3,pico-a-pico,1.3835622809854495,4.376591959251437,2.9930296782659873
