versao,z_mm,t_media,t_min,t_max
v1,0.63,55.145,41.754,90.000
v1,1.89,58.106,43.066,90.000
v1,3.16,59.624,43.382,90.000
v1,4.42,56.059,43.515,78.231
v1,5.68,53.497,43.399,74.201
v1,6.94,52.658,43.019,68.076
v1,8.21,51.278,42.458,63.559
v1,9.47,49.545,41.716,59.665
v1,10.73,50.589,43.006,57.199
v1,12.00,49.909,42.270,55.332
v1,13.26,48.728,41.475,54.278
v1,14.52,47.628,40.225,53.434
v1,15.78,47.783,39.272,53.113
v1,17.05,47.697,38.786,53.016
v1,18.31,40.714,37.826,45.079
v1,19.57,39.247,36.987,42.948
v1,20.83,38.089,36.108,41.130
v1,22.10,36.938,35.549,39.899
v1,23.36,35.997,34.922,38.503
v1,24.62,35.310,34.236,37.552
v1,25.89,34.613,33.668,36.677
v1,27.15,34.105,33.164,35.877
v1,28.41,33.563,32.727,35.101
v1,29.67,33.061,32.353,34.462
v1,30.94,32.759,32.032,34.022
v1,32.20,32.413,31.756,33.517
v1,33.46,32.072,31.522,33.153
v1,34.72,31.875,31.318,32.763
v1,35.99,31.641,31.144,32.439
v1,37.25,31.389,30.992,32.115
v1,38.51,31.264,30.863,31.884
v1,39.78,31.106,30.750,31.651
v1,41.04,30.934,30.653,31.413
v1,42.30,30.864,30.569,31.303
v1,43.56,30.755,30.495,31.125
v1,44.83,30.642,30.432,30.968
v1,46.09,30.586,30.377,30.893
v1,47.35,30.512,30.329,30.773
v1,48.61,30.438,30.287,30.681
v1,49.88,30.394,30.251,30.609
v1,51.14,30.340,30.219,30.528
v1,52.40,30.298,30.191,30.451
v1,53.67,30.259,30.167,30.413
v1,54.93,30.235,30.145,30.359
v1,56.19,30.202,30.127,30.307
v1,57.45,30.175,30.111,30.279
v1,58.72,30.156,30.097,30.239
v1,59.98,30.134,30.084,30.210
v1,61.24,30.115,30.073,30.182
v1,62.50,30.104,30.064,30.160
v1,63.77,30.090,30.055,30.136
v1,65.03,30.078,30.048,30.114
v1,66.29,30.071,30.045,30.096
v1,67.56,30.036,30.015,30.080
v1,68.82,30.042,30.015,30.068
v1,70.08,30.034,30.014,30.059
v1,71.34,30.033,30.014,30.053
v1,72.61,30.025,30.012,30.039
v1,73.87,30.023,30.012,30.035
v2,0.43,56.724,42.159,90.000
v2,1.28,55.582,42.912,90.000
v2,2.14,57.059,43.394,87.410
v2,3.00,63.008,43.546,90.000
v2,3.85,53.270,43.988,74.255
v2,4.71,57.145,43.447,77.836
v2,5.56,53.555,43.210,73.618
v2,6.42,53.164,42.688,69.306
v2,7.28,53.859,43.017,67.074
v2,8.13,52.091,41.739,64.043
v2,8.99,45.258,34.108,61.763
v2,9.84,49.131,34.341,59.643
v2,10.70,46.665,34.415,59.089
v2,11.56,47.711,34.465,57.954
v2,12.41,47.155,34.528,56.870
v2,13.27,46.843,34.518,56.184
v2,14.12,47.022,34.467,55.806
v2,14.98,46.005,34.370,55.362
v2,15.83,47.341,34.264,55.156
v2,16.69,46.946,33.996,55.040
v2,17.55,36.187,33.812,39.441
v2,18.40,36.367,33.666,39.473
v2,19.26,35.371,33.459,37.967
v2,20.11,34.841,33.289,37.181
v2,20.97,34.495,32.968,36.376
v2,21.83,33.898,32.701,35.770
v2,22.68,33.536,32.538,35.135
v2,23.54,33.191,32.337,34.598
v2,24.39,32.956,32.169,34.063
v2,25.25,32.563,31.927,33.642
v2,26.11,32.337,31.774,33.227
v2,26.96,32.124,31.610,32.874
v2,27.82,31.913,31.457,32.608
v2,28.67,31.712,31.305,32.359
v2,29.53,31.594,31.212,32.093
v2,30.39,31.383,31.077,31.848
v2,31.24,31.227,30.947,31.601
v2,32.10,31.149,30.901,31.453
v2,32.95,31.014,30.805,31.322
v2,33.81,30.923,30.684,31.204
v2,34.67,30.863,30.651,31.075
v2,35.52,30.732,30.580,30.944
v2,36.38,30.649,30.492,30.858
v2,37.23,30.611,30.485,30.766
v2,38.09,30.540,30.416,30.681
v2,38.94,30.479,30.352,30.613
v2,39.80,30.449,30.338,30.555
v2,40.66,30.385,30.296,30.486
v2,41.51,30.340,30.248,30.424
v2,42.37,30.311,30.245,30.372
v2,43.22,30.270,30.206,30.326
v2,44.08,30.101,30.027,30.288
v2,44.94,30.157,30.027,30.255
v2,45.79,30.114,30.027,30.221
v2,46.65,30.136,30.026,30.202
v2,47.50,30.090,30.026,30.174
v2,48.36,30.105,30.025,30.147
v2,49.22,30.069,30.024,30.133
v2,50.07,30.076,30.046,30.113
