versao,ref,pacote,L_mm,forma,z3_um,zadm_um,margem,margem_corrigida,vida_h,vida_corrigida_h
v1,J1,chip,6.70,0.666,21.21,285.6,13.465,25.093,4.682e+07,2.516e+09
v1,J2,tht,12.70,0.704,22.42,164.6,7.344,13.687,9.673e+05,5.198e+07
v1,Q1,sot,1.90,0.375,11.95,715.1,59.856,111.548,6.561e+11,3.526e+13
v1,Q2,sot,1.90,0.538,17.15,715.1,41.708,77.728,6.5e+10,3.493e+12
v1,Q3,sot,1.90,0.780,24.84,715.1,28.792,53.658,6.065e+09,3.259e+11
v1,U1,modulo,17.76,0.206,6.56,78.0,11.881,22.142,2.102e+07,1.129e+09
v1,U2,qfn,3.90,0.028,0.91,166.4,183.598,342.156,8.556e+14,4.598e+16
v1,U3,modulo,16.00,0.159,5.05,82.1,16.254,30.292,1.562e+08,8.394e+09
v1,U4,sot,3.00,0.181,5.75,569.1,98.944,184.393,1.637e+13,8.796e+14
v2,J1,chip,6.70,0.093,3.27,414.8,127.014,44.120,1.198e+14,1.378e+11
v2,J2,tht,12.70,0.065,2.28,239.1,105.006,36.475,3.544e+13,4.078e+10
v2,Q1,sot,1.90,0.111,3.90,868.3,222.930,77.437,4.385e+15,5.046e+12
v2,Q2,sot,1.90,0.084,2.95,868.3,294.082,102.152,2.582e+16,2.971e+13
v2,Q3,sot,1.90,0.143,5.02,868.3,173.009,60.096,8.656e+14,9.961e+11
v2,U1,modulo,17.76,0.648,22.77,94.7,4.158,1.444,3.754e+04,43.2
v2,U2,qfn,3.90,0.055,1.92,202.0,105.021,36.480,3.547e+13,4.082e+10
v2,U3,modulo,16.00,0.170,5.96,119.3,20.009,6.950,8.741e+08,1.006e+06
v2,U4,sot,3.00,0.119,4.19,691.0,164.886,57.275,6.363e+14,7.322e+11
