versao,q_rotulo,q,zona,v_mm_s,margem
v1,sqrt(fn),44.7,C/D,11.2,7.344
v2,sqrt(fn),36.8,C/D,11.2,4.158
v1,sqrt(fn),44.7,B/C,4.5,18.279
v2,sqrt(fn),36.8,B/C,4.5,10.348
v1,sqrt(fn),44.7,A/B,1.8,45.697
v2,sqrt(fn),36.8,A/B,1.8,25.871
v1,Q = 20,20.0,C/D,11.2,10.983
v2,Q = 20,20.0,C/D,11.2,5.638
v1,Q = 20,20.0,B/C,4.5,27.336
v2,Q = 20,20.0,B/C,4.5,14.032
v1,Q = 20,20.0,A/B,1.8,68.341
v2,Q = 20,20.0,A/B,1.8,35.080
v1,Q = 10,10.0,C/D,11.2,15.533
v2,Q = 10,10.0,C/D,11.2,7.973
v1,Q = 10,10.0,B/C,4.5,38.659
v2,Q = 10,10.0,B/C,4.5,19.844
v1,Q = 10,10.0,A/B,1.8,96.649
v2,Q = 10,10.0,A/B,1.8,49.611
