versao,t_s,t_parede
v1,60.0,30.0158
v1,120.0,30.0644
v1,210.0,30.2171
v1,345.0,30.5518
v1,547.5,31.1076
v1,851.2,31.8466
v1,1306.9,32.6498
v1,1990.3,33.3605
v1,3015.5,33.8626
v1,4553.2,34.1373
v1,6859.8,34.2500
v1,10319.7,34.2835
v1,14400.0,34.2904
v2,60.0,30.0194
v2,120.0,30.0784
v2,210.0,30.2615
v2,345.0,30.6576
v2,547.5,31.3092
v2,851.2,32.1734
v2,1306.9,33.1196
v2,1990.3,33.9714
v2,3015.5,34.5881
v2,4553.2,34.9361
v2,6859.8,35.0842
v2,10319.7,35.1303
v2,14400.0,35.1402
