t_carcaca,modelo,t_interna
40.0,"concentrado, 500 iterações",33.306
40.0,"concentrado, convergido",30.686
42.5,"concentrado, 500 iterações",34.085
42.5,"concentrado, convergido",30.844
45.0,"concentrado, 500 iterações",34.852
45.0,"concentrado, convergido",30.999
47.5,"concentrado, 500 iterações",35.610
47.5,"concentrado, convergido",31.151
50.0,"concentrado, 500 iterações",36.359
50.0,"concentrado, convergido",31.302
52.5,"concentrado, 500 iterações",37.100
52.5,"concentrado, convergido",31.451
55.0,"concentrado, 500 iterações",37.833
55.0,"concentrado, convergido",31.598
57.5,"concentrado, 500 iterações",38.560
57.5,"concentrado, convergido",31.744
60.0,"concentrado, 500 iterações",39.280
60.0,"concentrado, convergido",31.888
62.5,"concentrado, 500 iterações",39.994
62.5,"concentrado, convergido",32.031
65.0,"concentrado, 500 iterações",40.702
65.0,"concentrado, convergido",32.173
67.5,"concentrado, 500 iterações",41.405
67.5,"concentrado, convergido",32.314
70.0,"concentrado, 500 iterações",42.102
70.0,"concentrado, convergido",32.454
72.5,"concentrado, 500 iterações",42.794
72.5,"concentrado, convergido",32.593
75.0,"concentrado, 500 iterações",43.481
75.0,"concentrado, convergido",32.731
77.5,"concentrado, 500 iterações",44.164
77.5,"concentrado, convergido",32.868
80.0,"concentrado, 500 iterações",44.841
80.0,"concentrado, convergido",33.005
82.5,"concentrado, 500 iterações",45.515
82.5,"concentrado, convergido",33.141
85.0,"concentrado, 500 iterações",46.184
85.0,"concentrado, convergido",33.276
87.5,"concentrado, 500 iterações",46.849
87.5,"concentrado, convergido",33.410
90.0,"concentrado, 500 iterações",47.509
90.0,"concentrado, convergido",33.544
92.5,"concentrado, 500 iterações",48.166
92.5,"concentrado, convergido",33.677
95.0,"concentrado, 500 iterações",48.819
95.0,"concentrado, convergido",33.809
97.5,"concentrado, 500 iterações",49.468
97.5,"concentrado, convergido",33.941
100.0,"concentrado, 500 iterações",50.113
100.0,"concentrado, convergido",34.072
102.5,"concentrado, 500 iterações",50.754
102.5,"concentrado, convergido",34.203
105.0,"concentrado, 500 iterações",51.392
105.0,"concentrado, convergido",34.333
107.5,"concentrado, 500 iterações",52.027
107.5,"concentrado, convergido",34.462
110.0,"concentrado, 500 iterações",52.658
110.0,"concentrado, convergido",34.592
112.5,"concentrado, 500 iterações",53.285
112.5,"concentrado, convergido",34.720
115.0,"concentrado, 500 iterações",53.909
115.0,"concentrado, convergido",34.848
117.5,"concentrado, 500 iterações",54.530
117.5,"concentrado, convergido",34.976
120.0,"concentrado, 500 iterações",55.148
120.0,"concentrado, convergido",35.103
