fpr,tpr,auc,pauc,banda,banda_curta
0.0,0.0,0.9997959183673469,0.9989258861439312,"Sensor 20 kHz
AUC 1.000 · pAUC 0.999",Sensor 20 kHz
0.0,0.007142857142857143,0.9997959183673469,0.9989258861439312,"Sensor 20 kHz
AUC 1.000 · pAUC 0.999",Sensor 20 kHz
0.0,0.02857142857142857,0.9997959183673469,0.9989258861439312,"Sensor 20 kHz
AUC 1.000 · pAUC 0.999",Sensor 20 kHz
0.0,0.04285714285714286,0.9997959183673469,0.9989258861439312,"Sensor 20 kHz
AUC 1.000 · pAUC 0.999",Sensor 20 kHz
0.0,0.06428571428571428,0.9997959183673469,0.9989258861439312,"Sensor 20 kHz
AUC 1.000 · pAUC 0.999",Sensor 20 kHz
0.0,0.12857142857142856,0.9997959183673469,0.9989258861439312,"Sensor 20 kHz
AUC 1.000 · pAUC 0.999",Sensor 20 kHz
0.0,0.21428571428571427,0.9997959183673469,0.9989258861439312,"Sensor 20 kHz
AUC 1.000 · pAUC 0.999",Sensor 20 kHz
0.0,0.22142857142857142,0.9997959183673469,0.9989258861439312,"Sensor 20 kHz
AUC 1.000 · pAUC 0.999",Sensor 20 kHz
0.0,0.2357142857142857,0.9997959183673469,0.9989258861439312,"Sensor 20 kHz
AUC 1.000 · pAUC 0.999",Sensor 20 kHz
0.0,0.24285714285714285,0.9997959183673469,0.9989258861439312,"Sensor 20 kHz
AUC 1.000 · pAUC 0.999",Sensor 20 kHz
0.0,0.2714285714285714,0.9997959183673469,0.9989258861439312,"Sensor 20 kHz
AUC 1.000 · pAUC 0.999",Sensor 20 kHz
0.0,0.44285714285714284,0.9997959183673469,0.9989258861439312,"Sensor 20 kHz
AUC 1.000 · pAUC 0.999",Sensor 20 kHz
0.0,0.45714285714285713,0.9997959183673469,0.9989258861439312,"Sensor 20 kHz
AUC 1.000 · pAUC 0.999",Sensor 20 kHz
0.0,0.4714285714285714,0.9997959183673469,0.9989258861439312,"Sensor 20 kHz
AUC 1.000 · pAUC 0.999",Sensor 20 kHz
0.0,0.9714285714285714,0.9997959183673469,0.9989258861439312,"Sensor 20 kHz
AUC 1.000 · pAUC 0.999",Sensor 20 kHz
0.007142857142857143,0.9714285714285714,0.9997959183673469,0.9989258861439312,"Sensor 20 kHz
AUC 1.000 · pAUC 0.999",Sensor 20 kHz
0.007142857142857143,1.0,0.9997959183673469,0.9989258861439312,"Sensor 20 kHz
AUC 1.000 · pAUC 0.999",Sensor 20 kHz
1.0,1.0,0.9997959183673469,0.9989258861439312,"Sensor 20 kHz
AUC 1.000 · pAUC 0.999",Sensor 20 kHz
0.0,0.0,0.9626530612244898,0.8372717508055854,"MPU6050 1 kHz
AUC 0.963 · pAUC 0.837",MPU6050 1 kHz
0.0,0.007142857142857143,0.9626530612244898,0.8372717508055854,"MPU6050 1 kHz
AUC 0.963 · pAUC 0.837",MPU6050 1 kHz
0.0,0.2785714285714286,0.9626530612244898,0.8372717508055854,"MPU6050 1 kHz
AUC 0.963 · pAUC 0.837",MPU6050 1 kHz
0.007142857142857143,0.2785714285714286,0.9626530612244898,0.8372717508055854,"MPU6050 1 kHz
AUC 0.963 · pAUC 0.837",MPU6050 1 kHz
0.007142857142857143,0.5928571428571429,0.9626530612244898,0.8372717508055854,"MPU6050 1 kHz
AUC 0.963 · pAUC 0.837",MPU6050 1 kHz
0.014285714285714285,0.5928571428571429,0.9626530612244898,0.8372717508055854,"MPU6050 1 kHz
AUC 0.963 · pAUC 0.837",MPU6050 1 kHz
0.014285714285714285,0.6285714285714286,0.9626530612244898,0.8372717508055854,"MPU6050 1 kHz
AUC 0.963 · pAUC 0.837",MPU6050 1 kHz
0.02142857142857143,0.6285714285714286,0.9626530612244898,0.8372717508055854,"MPU6050 1 kHz
AUC 0.963 · pAUC 0.837",MPU6050 1 kHz
0.02142857142857143,0.6428571428571429,0.9626530612244898,0.8372717508055854,"MPU6050 1 kHz
AUC 0.963 · pAUC 0.837",MPU6050 1 kHz
0.02857142857142857,0.6428571428571429,0.9626530612244898,0.8372717508055854,"MPU6050 1 kHz
AUC 0.963 · pAUC 0.837",MPU6050 1 kHz
0.02857142857142857,0.65,0.9626530612244898,0.8372717508055854,"MPU6050 1 kHz
AUC 0.963 · pAUC 0.837",MPU6050 1 kHz
0.03571428571428571,0.65,0.9626530612244898,0.8372717508055854,"MPU6050 1 kHz
AUC 0.963 · pAUC 0.837",MPU6050 1 kHz
0.03571428571428571,0.6928571428571428,0.9626530612244898,0.8372717508055854,"MPU6050 1 kHz
AUC 0.963 · pAUC 0.837",MPU6050 1 kHz
0.04285714285714286,0.6928571428571428,0.9626530612244898,0.8372717508055854,"MPU6050 1 kHz
AUC 0.963 · pAUC 0.837",MPU6050 1 kHz
0.04285714285714286,0.7214285714285714,0.9626530612244898,0.8372717508055854,"MPU6050 1 kHz
AUC 0.963 · pAUC 0.837",MPU6050 1 kHz
0.05714285714285714,0.7214285714285714,0.9626530612244898,0.8372717508055854,"MPU6050 1 kHz
AUC 0.963 · pAUC 0.837",MPU6050 1 kHz
0.05714285714285714,0.7642857142857142,0.9626530612244898,0.8372717508055854,"MPU6050 1 kHz
AUC 0.963 · pAUC 0.837",MPU6050 1 kHz
0.07142857142857142,0.7642857142857142,0.9626530612244898,0.8372717508055854,"MPU6050 1 kHz
AUC 0.963 · pAUC 0.837",MPU6050 1 kHz
0.07142857142857142,0.8,0.9626530612244898,0.8372717508055854,"MPU6050 1 kHz
AUC 0.963 · pAUC 0.837",MPU6050 1 kHz
0.09285714285714286,0.8,0.9626530612244898,0.8372717508055854,"MPU6050 1 kHz
AUC 0.963 · pAUC 0.837",MPU6050 1 kHz
0.09285714285714286,0.8142857142857143,0.9626530612244898,0.8372717508055854,"MPU6050 1 kHz
AUC 0.963 · pAUC 0.837",MPU6050 1 kHz
0.1,0.8142857142857143,0.9626530612244898,0.8372717508055854,"MPU6050 1 kHz
AUC 0.963 · pAUC 0.837",MPU6050 1 kHz
0.1,0.85,0.9626530612244898,0.8372717508055854,"MPU6050 1 kHz
AUC 0.963 · pAUC 0.837",MPU6050 1 kHz
0.10714285714285714,0.85,0.9626530612244898,0.8372717508055854,"MPU6050 1 kHz
AUC 0.963 · pAUC 0.837",MPU6050 1 kHz
0.10714285714285714,0.9,0.9626530612244898,0.8372717508055854,"MPU6050 1 kHz
AUC 0.963 · pAUC 0.837",MPU6050 1 kHz
0.12142857142857143,0.9,0.9626530612244898,0.8372717508055854,"MPU6050 1 kHz
AUC 0.963 · pAUC 0.837",MPU6050 1 kHz
0.12142857142857143,0.9071428571428571,0.9626530612244898,0.8372717508055854,"MPU6050 1 kHz
AUC 0.963 · pAUC 0.837",MPU6050 1 kHz
0.12857142857142856,0.9071428571428571,0.9626530612244898,0.8372717508055854,"MPU6050 1 kHz
AUC 0.963 · pAUC 0.837",MPU6050 1 kHz
0.12857142857142856,0.9214285714285714,0.9626530612244898,0.8372717508055854,"MPU6050 1 kHz
AUC 0.963 · pAUC 0.837",MPU6050 1 kHz
0.1357142857142857,0.9214285714285714,0.9626530612244898,0.8372717508055854,"MPU6050 1 kHz
AUC 0.963 · pAUC 0.837",MPU6050 1 kHz
0.1357142857142857,0.9428571428571428,0.9626530612244898,0.8372717508055854,"MPU6050 1 kHz
AUC 0.963 · pAUC 0.837",MPU6050 1 kHz
0.15,0.9428571428571428,0.9626530612244898,0.8372717508055854,"MPU6050 1 kHz
AUC 0.963 · pAUC 0.837",MPU6050 1 kHz
0.15,0.9571428571428572,0.9626530612244898,0.8372717508055854,"MPU6050 1 kHz
AUC 0.963 · pAUC 0.837",MPU6050 1 kHz
0.17857142857142858,0.9571428571428572,0.9626530612244898,0.8372717508055854,"MPU6050 1 kHz
AUC 0.963 · pAUC 0.837",MPU6050 1 kHz
0.17857142857142858,0.9642857142857143,0.9626530612244898,0.8372717508055854,"MPU6050 1 kHz
AUC 0.963 · pAUC 0.837",MPU6050 1 kHz
0.19285714285714287,0.9642857142857143,0.9626530612244898,0.8372717508055854,"MPU6050 1 kHz
AUC 0.963 · pAUC 0.837",MPU6050 1 kHz
0.19285714285714287,0.9857142857142858,0.9626530612244898,0.8372717508055854,"MPU6050 1 kHz
AUC 0.963 · pAUC 0.837",MPU6050 1 kHz
0.2,0.9857142857142858,0.9626530612244898,0.8372717508055854,"MPU6050 1 kHz
AUC 0.963 · pAUC 0.837",MPU6050 1 kHz
0.2,0.9928571428571429,0.9626530612244898,0.8372717508055854,"MPU6050 1 kHz
AUC 0.963 · pAUC 0.837",MPU6050 1 kHz
0.20714285714285716,0.9928571428571429,0.9626530612244898,0.8372717508055854,"MPU6050 1 kHz
AUC 0.963 · pAUC 0.837",MPU6050 1 kHz
0.20714285714285716,1.0,0.9626530612244898,0.8372717508055854,"MPU6050 1 kHz
AUC 0.963 · pAUC 0.837",MPU6050 1 kHz
1.0,1.0,0.9626530612244898,0.8372717508055854,"MPU6050 1 kHz
AUC 0.963 · pAUC 0.837",MPU6050 1 kHz
