metodo,ordem,rms_mm_s,valor_exato,erro_pct,correto
"Integração no tempo
sem passa-alta",1,11.693528415375722,6.7523723711782955,73.17659294514277,False
"Integração no tempo
com passa-alta",2,17.311258148555364,6.7523723711782955,156.37297822090537,False
"Integração na frequência
(banda ISO)",3,6.752456787263898,6.7523723711782955,0.0012501692880998723,True
"Na frequência
com bias 0,02 m/s²",4,6.752456787263898,6.7523723711782955,0.0012501692880998723,True
"No tempo sem HP
com bias 0,02 m/s²",5,55.08141710514489,6.7523723711782955,715.7342942201087,False
