freq_hz,erro_pct
10.0,0.03216184766592356
11.228070175438596,0.04054969352558224
12.456140350877194,0.04990969131768441
13.68421052631579,0.060242385434361445
14.912280701754387,0.07154837701790484
16.140350877192983,0.08382832404802976
17.36842105263158,0.09708294143750962
18.596491228070178,0.1113130011361152
19.824561403508774,0.1265193322430802
21.05263157894737,0.14270282112764932
22.280701754385966,0.1598644115583303
23.50877192982456,0.17800510484045073
24.736842105263158,0.1971259599621522
25.964912280701753,0.21722809374919994
27.192982456140353,0.23831268102794123
28.42105263157895,0.2603809547972791
29.649122807017545,0.28343420640910555
30.87719298245614,0.30747378575739504
32.10526315789474,0.3325011014763346
33.333333333333336,0.3585176211469143
34.56140350877193,0.3855248715127102
35.78947368421053,0.4135244387044379
37.01754385964912,0.4425179684734992
38.24561403508772,0.47250716643472135
39.473684210526315,0.5034937983180887
40.70175438596492,0.5354796902296455
41.92982456140351,0.5684667289219458
43.15789473684211,0.6024568620734749
44.385964912280706,0.6374520985778176
45.6140350877193,0.6734545088420418
46.8421052631579,0.7104662250949856
48.07017543859649,0.7484894417049359
49.29824561403509,0.7875264155072559
50.526315789473685,0.8275794661417146
51.75438596491228,0.8686509764000316
52.98245614035088,0.9107433925830799
54.21052631578947,0.9538592248685918
55.43859649122807,0.9980010476889678
56.66666666666667,1.0431715001194108
57.89473684210527,1.0893732862765626
59.12280701754386,1.1366091757278873
60.35087719298246,1.1848820039113583
61.578947368421055,1.2341946725664465
62.80701754385965,1.2845501501757228
64.03508771929825,1.3359514724176291
65.26315789473685,1.388401742630463
66.49122807017544,1.4419041322877302
67.71929824561403,1.4964618814848896
68.94736842105263,1.5520782994377536
70.17543859649123,1.6087567649927248
71.40350877192984,1.666500727148823
72.63157894736842,1.7253137055917467
73.85964912280701,1.7851992912404135
75.08771929824562,1.8461611468055805
76.31578947368422,1.9082030073610978
77.54385964912281,1.9713286809280195
78.77192982456141,2.0355420490714593
80.0,2.100847067510503
81.2280701754386,2.167247766741487
82.45614035087719,2.234748252674623
83.6842105263158,2.3033527072842785
84.91228070175438,2.3730653892730658
86.14035087719299,2.44389063474999
87.36842105263158,2.5158328579228506
88.59649122807018,2.58889655180492
89.82456140350878,2.6630862889366558
91.05263157894737,2.7384067221218
92.28070175438597,2.814862585179023
93.50877192982456,2.8924586937086216
94.73684210526316,2.9711999458749583
95.96491228070175,3.0510913232047354
97.19298245614036,3.1321378914011655
98.42105263157895,3.2143448011746623
99.64912280701755,3.2977172890900963
100.87719298245614,3.3822606784307707
102.10526315789474,3.467980380079738
103.33333333333334,3.554881893418349
104.56140350877193,3.6429708072426292
105.78947368421053,3.7322528006975775
107.01754385964912,3.822733644229892
108.24561403508773,3.9144192005590828
109.47368421052632,4.007315425667746
110.70175438596492,4.101428369811022
111.9298245614035,4.196764178545376
113.15789473684211,4.293329093777798
114.3859649122807,4.391129454834841
115.6140350877193,4.490171699552481
116.8421052631579,4.590462365386827
118.0701754385965,4.692008090546507
119.2982456140351,4.794815615146253
120.52631578947368,4.898891782383208
121.75438596491229,5.00424353973532
122.98245614035088,5.110877940182967
124.21052631578948,5.218802143453716
125.43859649122807,5.328023417290995
126.66666666666667,5.438549138746973
127.89473684210526,5.550386795500195
129.12280701754386,5.663543987198061
130.35087719298247,5.778028426825355
131.57894736842104,5.89384794209844
132.80701754385967,6.011010476886347
134.03508771929825,6.1295240926587224
135.26315789473685,6.249396969961585
136.49122807017545,6.370637409921032
137.71929824561403,6.493253835775814
138.94736842105263,6.617254794438976
140.17543859649123,6.742648958089381
141.40350877192984,6.86944512579355
142.63157894736844,6.997652225158846
143.859649122807,7.127279314017532
145.08771929824562,7.25833558214386
146.31578947368422,7.390830353003497
147.54385964912282,7.524773085536651
148.7719298245614,7.6601733759753765
150.0,7.7970409596958
151.2280701754386,7.9353857131060135
152.4561403508772,8.075217655569933
153.68421052631578,8.216546951368887
154.91228070175438,8.35938391170028
156.140350877193,8.50373899671537
157.3684210526316,8.64962281759636
158.5964912280702,8.797046138673537
159.82456140350877,8.946019879583611
161.05263157894737,9.096555117470118
162.28070175438597,9.24866308922625
163.50877192982458,9.402355193781853
164.73684210526315,9.557642994434556
165.96491228070175,9.714538221227098
167.19298245614036,9.873052773370716
168.42105263157896,10.033198721716218
169.64912280701756,10.194988311273878
170.87719298245614,10.358433963782666
172.10526315789474,10.523548280330397
173.33333333333334,10.690344044025647
174.56140350877195,10.858834222722535
175.78947368421052,11.029031971799764
177.01754385964912,11.200950636995021
178.24561403508773,11.374603757295665
179.47368421052633,11.550005067887458
180.70175438596493,11.72716850316229
181.9298245614035,11.906108199786235
183.1578947368421,12.08683849982961
184.3859649122807,12.269373953959839
185.61403508771932,12.453729324699324
186.8421052631579,12.63991958974897
188.0701754385965,12.82795994537953
189.2982456140351,13.01786580989197
190.5263157894737,13.209652827148656
191.75438596491227,13.403336870176542
192.98245614035088,13.598934044844846
194.21052631578948,13.796460693618018
195.43859649122808,13.995933399386495
196.66666666666669,14.197368989376491
197.89473684210526,14.400784539141242
199.12280701754386,14.606197376635265
200.35087719298247,14.813625086373317
201.57894736842107,15.023085513677081
202.80701754385964,15.234596769010311
204.03508771929825,15.448177232405902
205.26315789473685,15.66384555798579
206.49122807017545,15.88162067857728
207.71929824561406,16.101521810426654
208.94736842105263,16.32356845801397
210.17543859649123,16.547780418970227
211.40350877192984,16.774177789100108
212.63157894736844,17.002780967512688
213.859649122807,17.233610661862798
215.08771929824562,17.466687893705913
216.31578947368422,17.70203400396897
217.54385964912282,17.939670658540496
218.7719298245614,18.179619853982775
220.0,18.421903923369285
221.2280701754386,18.6665455422502
222.4561403508772,18.91356773474966
223.6842105263158,19.162993879797916
224.91228070175438,19.41484771750175
226.140350877193,19.669153355656977
227.3684210526316,19.925935276406094
228.5964912280702,20.18521834304572
229.82456140350877,20.447027806986817
231.05263157894737,20.711389314872285
232.28070175438597,20.97832891585565
233.50877192982458,21.247873069045276
234.73684210526318,21.52004865111852
235.96491228070175,21.794882964109963
237.19298245614036,22.072403743378686
238.42105263157896,22.35263916575938
239.64912280701756,22.635617857901735
240.87719298245614,22.921368904803806
242.10526315789474,23.209921858543936
243.33333333333334,23.50130674721722
244.56140350877195,23.79555408408145
245.78947368421052,24.092694876918852
247.01754385964912,24.392760637619016
248.24561403508773,24.695783391989234
249.47368421052633,25.00179568979881
250.70175438596493,25.31083061506343
251.9298245614035,25.62292179657637
253.1578947368421,25.938103418693494
254.3859649122807,26.256410232379235
255.61403508771932,26.577877566520634
256.8421052631579,26.902541339517395
258.0701754385965,27.23043807115493
259.29824561403507,27.561604894770152
260.5263157894737,27.896079569716182
261.75438596491233,28.233900494136186
262.9824561403509,28.575106718054855
264.2105263157895,28.919737956796276
265.43859649122805,29.26783460473823
266.6666666666667,29.61943774941225
267.89473684210526,29.97458918596012
269.1228070175439,30.33333143195669
270.35087719298247,30.695707742610434
271.57894736842104,31.06176212635241
272.8070175438597,31.43153936082563
274.03508771929825,31.805085009286536
275.2631578947369,32.1824454374311
276.49122807017545,32.56366783065832
277.719298245614,32.948800211784544
278.94736842105266,33.33789145922186
280.17543859649123,33.73099132563531
281.4035087719298,34.12815045709343
282.63157894736844,34.52942041272704
283.859649122807,34.93485368491245
285.08771929824564,35.3445037199954
286.3157894736842,35.75842493957187
287.5438596491228,36.17667276234442
288.7719298245614,36.5993036265714
290.0,37.026375013127954
291.22807017543863,37.45794546919825
292.4561403508772,37.894074632619464
293.6842105263158,38.3348232568981
294.9122807017544,38.780253236920046
296.140350877193,39.23042763537759
297.36842105263156,39.68541070993636
298.5964912280702,40.145267941165955
299.82456140350877,40.61006606126003
301.0526315789474,41.079873083571464
302.280701754386,41.55475833298976
303.50877192982455,42.03479247718897
304.7368421052632,42.52004755877461
305.96491228070175,43.010597028360294
307.1929824561404,43.50651577860587
308.42105263157896,44.00788017924842
309.64912280701753,44.514768113161466
310.87719298245617,45.02725901347675
312.10526315789474,45.54543390180494
313.33333333333337,46.06937542759448
314.56140350877195,46.59916790866647
315.7894736842105,47.13489737296843
317.01754385964915,47.67665160158834
318.2456140350877,48.22452017307404
319.4736842105263,48.77859450910429
320.70175438596493,49.338967921559764
321.9298245614035,49.9057356610433
323.15789473684214,50.47899496690314
324.3859649122807,51.05884511881147
325.6140350877193,51.64538748995715
326.8421052631579,52.23872560190921
328.0701754385965,52.83896518121449
329.2982456140351,53.44621421779263
330.5263157894737,54.0605830251945
331.7543859649123,54.68218430279499
332.9824561403509,55.311133199991616
334.2105263157895,55.947547382484686
335.43859649122805,56.59154710071872
336.6666666666667,57.24325526056613
337.89473684210526,57.9027974963406
339.1228070175439,58.57030224622848
340.35087719298247,59.24590083023282
341.57894736842104,59.92972753072709
342.8070175438597,60.621919675721614
344.03508771929825,61.3226177249486
345.2631578947369,62.03196535887771
346.49122807017545,62.750109570778825
347.719298245614,63.47720076195402
348.94736842105266,64.21339284026595
350.17543859649123,64.95884332209573
351.40350877192986,65.7137134378712
352.63157894736844,66.47816824131006
353.859649122807,67.25237672253171
355.08771929824564,68.03651192519789
356.3157894736842,68.83075106784904
357.5438596491228,69.63527566961338
358.7719298245614,70.45027168047184
360.0,71.27592961627165
361.22807017543863,72.11244469869244
362.4561403508772,72.9600170003751
363.6842105263158,73.81885159543768
364.9122807017544,74.68915871561117
366.140350877193,75.5711539122402
367.3684210526316,76.46505822440739
368.5964912280702,77.37109835345007
369.82456140350877,78.2895068441549
371.0526315789474,79.22052227292822
372.280701754386,80.16438944325625
373.50877192982455,81.12135958878513
374.7368421052632,82.09169058436778
375.96491228070175,83.07564716544307
377.1929824561404,84.07350115613133
378.42105263157896,85.085531706451
379.64912280701753,86.1120255390831
380.87719298245617,87.15327720613111
382.10526315789474,88.20958935635144
383.33333333333337,89.28127301335059
384.56140350877195,90.36864786527772
385.7894736842105,91.47204256656534
387.01754385964915,92.591795052304
388.2456140350877,93.72825286586968
389.4736842105263,94.88177350045521
390.70175438596493,96.05272475519628
391.9298245614035,97.24148510661843
393.15789473684214,98.44844409617768
394.3859649122807,99.67400273470555
395.6140350877193,100.91857392462344
396.8421052631579,102.18258290083378
398.0701754385965,103.46646769125636
399.2982456140351,104.77067959802953
400.5263157894737,106.09568370045884
401.7543859649123,107.44195938086195
402.9824561403509,108.81000087452514
404.2105263157895,110.20031784506168
405.4385964912281,111.61343598654253
406.6666666666667,113.04989765385227
407.89473684210526,114.51026252281422
409.1228070175439,115.99510828172535
410.35087719298247,117.50503135604342
411.57894736842104,119.04064766808315
412.8070175438597,120.60259343369037
414.03508771929825,122.19152599799598
415.2631578947369,123.80812471248426
416.49122807017545,125.45309185575721
417.719298245614,127.1271536005326
418.94736842105266,128.83106102958197
420.17543859649123,130.56559120349482
421.40350877192986,132.33154828335302
422.63157894736844,134.12976471160044
423.859649122807,135.9611024546273
425.08771929824564,137.82645431082364
426.3157894736842,139.72674528811834
427.5438596491228,141.66293405530556
428.7719298245614,143.6360144717546
430.0,145.6470172004358
431.22807017543863,147.69701140953967
432.4561403508772,149.7871065683515
433.6842105263158,151.9184543434561
434.9122807017544,154.09225060178855
436.140350877193,156.30973752753175
437.3684210526316,158.57220586038196
438.5964912280702,160.88099726326757
439.82456140350877,163.2375068282188
441.0526315789474,165.64318572974878
442.280701754386,168.099544035826
443.5087719298246,170.60815368730385
444.7368421052632,173.17065165751316
445.96491228070175,175.7887433046567
447.1929824561404,178.4642059306389
448.42105263157896,181.19889256106308
449.64912280701753,183.99473596231326
450.87719298245617,186.853752912933
452.10526315789474,189.77804874792827
453.33333333333337,192.7698221961609
454.56140350877195,195.8313705326753
455.7894736842105,198.96509506964387
457.01754385964915,202.1735070116172
458.2456140350877,205.45923370295566
459.47368421052636,208.82502529772316
460.70175438596493,212.27376188493733
461.9298245614035,215.80846110495685
463.15789473684214,219.4322862959171
464.3859649122807,223.14855521258573
465.6140350877193,226.9607493637856
466.8421052631579,230.87252401867943
468.0701754385965,234.88771893675406
469.2982456140351,239.01036988134797
470.5263157894737,243.2447209820261
471.7543859649123,247.59523801714602
472.9824561403509,252.06662269454156
474.2105263157895,256.6638280155248
475.4385964912281,261.3920748153651
476.6666666666667,266.25686958214106
477.89473684210526,271.26402366547234
479.1228070175439,276.419673997146
480.35087719298247,281.7303054572044
481.57894736842104,287.20277503168325
482.8070175438597,292.84433792200883
484.03508771929825,298.6626757811536
485.2631578947369,304.6659272681053
486.49122807017545,310.8627211300646
487.719298245614,317.26221204120793
488.94736842105266,323.87411944775437
490.17543859649123,330.7087696916053
491.40350877192986,337.77714170885275
492.63157894736844,345.09091662493194
493.859649122807,352.66253159496557
495.08771929824564,360.50523826552575
496.3157894736842,368.633166262248
497.54385964912285,377.061392135701
498.7719298245614,385.80601422463695
500.0,394.88423391982946
