t_carcaca_c,t_interna_c,config,ordem
30.0,30.0,Base ASA (atual),1
30.334728033472803,30.123551125985433,Base ASA (atual),1
30.669456066945607,30.243355199635705,Base ASA (atual),1
31.00418410041841,30.361304832903716,Base ASA (atual),1
31.338912133891213,30.477920932320487,Base ASA (atual),1
31.673640167364017,30.593473993052463,Base ASA (atual),1
32.00836820083682,30.70813335355109,Base ASA (atual),1
32.34309623430963,30.8220162801458,Base ASA (atual),1
32.67782426778243,30.93520936848766,Base ASA (atual),1
33.012552301255226,31.04777949450781,Base ASA (atual),1
33.34728033472803,31.159780043319316,Base ASA (atual),1
33.68200836820084,31.27125473161089,Base ASA (atual),1
34.01673640167364,31.38224009184799,Base ASA (atual),1
34.35146443514644,31.49276716117084,Base ASA (atual),1
34.68619246861925,31.6028626721242,Base ASA (atual),1
35.02092050209205,31.71254991773114,Base ASA (atual),1
35.35564853556485,31.821849396012535,Base ASA (atual),1
35.69037656903765,31.93077930060504,Base ASA (atual),1
36.02510460251046,32.039355901208765,Base ASA (atual),1
36.35983263598327,32.147593843405936,Base ASA (atual),1
36.69456066945607,32.25550638831842,Base ASA (atual),1
37.029288702928866,32.36310560660333,Base ASA (atual),1
37.36401673640167,32.47040253726308,Base ASA (atual),1
37.69874476987448,32.57740731897037,Base ASA (atual),1
38.03347280334728,32.68412929966229,Base ASA (atual),1
38.36820083682008,32.790577128758564,Base ASA (atual),1
38.70292887029289,32.89675883534818,Base ASA (atual),1
39.03765690376569,33.00268189494047,Base ASA (atual),1
39.37238493723849,33.10835328681546,Base ASA (atual),1
39.70711297071129,33.213779543588856,Base ASA (atual),1
40.0418410041841,33.31896679428004,Base ASA (atual),1
40.37656903765691,33.423920801925966,Base ASA (atual),1
40.71129707112971,33.528646996583745,Base ASA (atual),1
41.046025104602506,33.63315050441583,Base ASA (atual),1
41.38075313807531,33.73743617342726,Base ASA (atual),1
41.71548117154812,33.84150859632748,Base ASA (atual),1
42.05020920502092,33.94537213091215,Base ASA (atual),1
42.38493723849372,34.04903091829467,Base ASA (atual),1
42.71966527196653,34.152488899266864,Base ASA (atual),1
43.05439330543933,34.25574982902486,Base ASA (atual),1
43.38912133891213,34.358817290462596,Base ASA (atual),1
43.72384937238493,34.461694706202195,Base ASA (atual),1
44.05857740585774,34.56438534951167,Base ASA (atual),1
44.39330543933055,34.66689235423609,Base ASA (atual),1
44.72803347280335,34.76921872385145,Base ASA (atual),1
45.062761506276146,34.871367339738484,Base ASA (atual),1
45.39748953974895,34.97334096875822,Base ASA (atual),1
45.73221757322176,35.07514227020265,Base ASA (atual),1
46.06694560669456,35.17677380218495,Base ASA (atual),1
46.40167364016736,35.27823802752384,Base ASA (atual),1
46.73640167364017,35.37953731917241,Base ASA (atual),1
47.07112970711297,35.48067396523524,Base ASA (atual),1
47.40585774058577,35.581650173612836,Base ASA (atual),1
47.74058577405857,35.68246807630595,Base ASA (atual),1
48.07531380753138,35.78312973341327,Base ASA (atual),1
48.41004184100419,35.88363713684724,Base ASA (atual),1
48.74476987447699,35.98399221379432,Base ASA (atual),1
49.079497907949786,36.08419682994012,Base ASA (atual),1
49.41422594142259,36.18425279248107,Base ASA (atual),1
49.7489539748954,36.284161852937984,Base ASA (atual),1
50.0836820083682,36.383925709789786,Base ASA (atual),1
50.418410041841,36.483546010939584,Base ASA (atual),1
50.75313807531381,36.583024356028744,Base ASA (atual),1
51.08786610878661,36.682362298608865,Base ASA (atual),1
51.42259414225941,36.78156134818244,Base ASA (atual),1
51.75732217573221,36.880622972123405,Base ASA (atual),1
52.09205020920502,36.97954859748582,Base ASA (atual),1
52.42677824267783,37.07833961270756,Base ASA (atual),1
52.76150627615063,37.176997369218604,Base ASA (atual),1
53.096234309623426,37.27552318295953,Base ASA (atual),1
53.43096234309623,37.37391833581577,Base ASA (atual),1
53.76569037656904,37.47218407697536,Base ASA (atual),1
54.10041841004184,37.57032162421323,Base ASA (atual),1
54.43514644351464,37.66833216510836,Base ASA (atual),1
54.76987447698745,37.76621685819778,Base ASA (atual),1
55.10460251046025,37.86397683407067,Base ASA (atual),1
55.43933054393305,37.96161319640886,Base ASA (atual),1
55.77405857740585,38.059127022973165,Base ASA (atual),1
56.10878661087866,38.156519366543186,Base ASA (atual),1
56.44351464435147,38.25379125581016,Base ASA (atual),1
56.77824267782427,38.35094369622778,Base ASA (atual),1
57.112970711297066,38.44797767082183,Base ASA (atual),1
57.44769874476987,38.544894140962924,Base ASA (atual),1
57.78242677824268,38.64169404710267,Base ASA (atual),1
58.11715481171548,38.73837830947718,Base ASA (atual),1
58.45188284518828,38.834947828777146,Base ASA (atual),1
58.78661087866109,38.93140348679066,Base ASA (atual),1
59.12133891213389,39.027746147014604,Base ASA (atual),1
59.45606694560669,39.12397665524244,Base ASA (atual),1
59.79079497907949,39.220095840123925,Base ASA (atual),1
60.1255230125523,39.31610451370349,Base ASA (atual),1
60.46025104602511,39.41200347193375,Base ASA (atual),1
60.79497907949791,39.50779349516952,Base ASA (atual),1
61.129707112970706,39.60347534863981,Base ASA (atual),1
61.46443514644351,39.699049782902165,Base ASA (atual),1
61.79916317991632,39.79451753427715,Base ASA (atual),1
62.13389121338912,39.889879325267025,Base ASA (atual),1
62.46861924686192,39.98513586495662,Base ASA (atual),1
62.80334728033473,40.080287849398886,Base ASA (atual),1
63.13807531380753,40.1753359619866,Base ASA (atual),1
63.47280334728033,40.270280873807884,Base ASA (atual),1
63.80753138075313,40.365123243990276,Base ASA (atual),1
64.14225941422595,40.45986372003025,Base ASA (atual),1
64.47698744769875,40.55450293811166,Base ASA (atual),1
64.81171548117155,40.649041523411725,Base ASA (atual),1
65.14644351464435,40.74348009039631,Base ASA (atual),1
65.48117154811715,40.83781924310439,Base ASA (atual),1
65.81589958158996,40.93205957542217,Base ASA (atual),1
66.15062761506276,41.02620167134783,Base ASA (atual),1
66.48535564853556,41.12024610524703,Base ASA (atual),1
66.82008368200837,41.214193442098896,Base ASA (atual),1
67.15481171548117,41.30804423773434,Base ASA (atual),1
67.48953974895397,41.40179903906576,Base ASA (atual),1
67.82426778242677,41.495458384308954,Base ASA (atual),1
68.15899581589957,41.58902280319803,Base ASA (atual),1
68.49372384937239,41.682492817192674,Base ASA (atual),1
68.82845188284519,41.77586893967873,Base ASA (atual),1
69.16317991631799,41.869151676162694,Base ASA (atual),1
69.4979079497908,41.96234152445892,Base ASA (atual),1
69.8326359832636,42.05543897487192,Base ASA (atual),1
70.1673640167364,42.14844451037226,Base ASA (atual),1
70.5020920502092,42.24135860676648,Base ASA (atual),1
70.836820083682,42.33418173286322,Base ASA (atual),1
71.17154811715481,42.42691435063216,Base ASA (atual),1
71.50627615062761,42.519556915359686,Base ASA (atual),1
71.84100418410041,42.61210987579899,Base ASA (atual),1
72.17573221757323,42.704573674315874,Base ASA (atual),1
72.51046025104603,42.7969487470303,Base ASA (atual),1
72.84518828451883,42.88923552395303,Base ASA (atual),1
73.17991631799163,42.98143442911973,Base ASA (atual),1
73.51464435146443,43.0735458807187,Base ASA (atual),1
73.84937238493724,43.16557029121791,Base ASA (atual),1
74.18410041841004,43.257508067485595,Base ASA (atual),1
74.51882845188284,43.34935961090933,Base ASA (atual),1
74.85355648535565,43.441125317510256,Base ASA (atual),1
75.18828451882845,43.532805578055594,Base ASA (atual),1
75.52301255230125,43.624400778166624,Base ASA (atual),1
75.85774058577405,43.71591129842438,Base ASA (atual),1
76.19246861924685,43.80733751447249,Base ASA (atual),1
76.52719665271967,43.89867979711653,Base ASA (atual),1
76.86192468619247,43.989938512421524,Base ASA (atual),1
77.19665271966527,44.081114021806364,Base ASA (atual),1
77.53138075313808,44.172206682135474,Base ASA (atual),1
77.86610878661088,44.26321684580843,Base ASA (atual),1
78.20083682008368,44.354144860847235,Base ASA (atual),1
78.53556485355648,44.44499107098087,Base ASA (atual),1
78.87029288702928,44.53575581572798,Base ASA (atual),1
79.2050209205021,44.62643943047751,Base ASA (atual),1
79.5397489539749,44.71704224656681,Base ASA (atual),1
79.8744769874477,44.807564591358336,Base ASA (atual),1
80.2092050209205,44.89800678831356,Base ASA (atual),1
80.5439330543933,44.988369157066174,Base ASA (atual),1
80.8786610878661,45.07865201349235,Base ASA (atual),1
81.2133891213389,45.168855669780164,Base ASA (atual),1
81.5481171548117,45.2589804344963,Base ASA (atual),1
81.88284518828452,45.349026612652125,Base ASA (atual),1
82.21757322175732,45.43899450576766,Base ASA (atual),1
82.55230125523012,45.5288844119337,Base ASA (atual),1
82.88702928870293,45.61869662587313,Base ASA (atual),1
83.22175732217573,45.70843143900039,Base ASA (atual),1
83.55648535564853,45.79808913947937,Base ASA (atual),1
83.89121338912133,45.88767001228021,Base ASA (atual),1
84.22594142259413,45.9771743392347,Base ASA (atual),1
84.56066945606695,46.06660239909044,Base ASA (atual),1
84.89539748953975,46.1559544675634,Base ASA (atual),1
85.23012552301255,46.24523081738958,Base ASA (atual),1
85.56485355648536,46.334431718375974,Base ASA (atual),1
85.89958158995816,46.42355743744879,Base ASA (atual),1
86.23430962343096,46.51260823870278,Base ASA (atual),1
86.56903765690376,46.60158438344738,Base ASA (atual),1
86.90376569037656,46.69048613025313,Base ASA (atual),1
87.23849372384937,46.77931373499673,Base ASA (atual),1
87.57322175732217,46.8680674509049,Base ASA (atual),1
87.90794979079497,46.95674752859731,Base ASA (atual),1
88.24267782426779,47.04535421612876,Base ASA (atual),1
88.57740585774059,47.13388775903058,Base ASA (atual),1
88.91213389121339,47.22234840035038,Base ASA (atual),1
89.24686192468619,47.310736380692155,Base ASA (atual),1
89.58158995815899,47.39905193825416,Base ASA (atual),1
89.9163179916318,47.487295308867,Base ASA (atual),1
90.2510460251046,47.575466726030704,Base ASA (atual),1
90.5857740585774,47.66356642095065,Base ASA (atual),1
90.92050209205021,47.75159462257316,Base ASA (atual),1
91.25523012552301,47.839551557619956,Base ASA (atual),1
91.58995815899581,47.92743745062222,Base ASA (atual),1
91.92468619246861,48.0152525239543,Base ASA (atual),1
92.25941422594141,48.102996997865475,Base ASA (atual),1
92.59414225941423,48.19067109051241,Base ASA (atual),1
92.92887029288703,48.27827501799049,Base ASA (atual),1
93.26359832635983,48.36580899436418,Base ASA (atual),1
93.59832635983264,48.453273231697075,Base ASA (atual),1
93.93305439330544,48.54066794008161,Base ASA (atual),1
94.26778242677824,48.62799332766752,Base ASA (atual),1
94.60251046025104,48.71524960069075,Base ASA (atual),1
94.93723849372384,48.802436963500256,Base ASA (atual),1
95.27196652719665,48.88955561858607,Base ASA (atual),1
95.60669456066945,48.97660576660543,Base ASA (atual),1
95.94142259414225,49.06358760640921,Base ASA (atual),1
96.27615062761507,49.15050133506725,Base ASA (atual),1
96.61087866108787,49.23734714789387,Base ASA (atual),1
96.94560669456067,49.32412523847232,Base ASA (atual),1
97.28033472803347,49.41083579867898,Base ASA (atual),1
97.61506276150627,49.497479018707395,Base ASA (atual),1
97.94979079497908,49.584055087091066,Base ASA (atual),1
98.28451882845188,49.67056419072677,Base ASA (atual),1
98.61924686192468,49.75700651489681,Base ASA (atual),1
98.9539748953975,49.843382243291096,Base ASA (atual),1
99.2887029288703,49.92969155802879,Base ASA (atual),1
99.6234309623431,50.01593463967942,Base ASA (atual),1
99.9581589958159,50.10211166728403,Base ASA (atual),1
100.29288702928869,50.18822281837532,Base ASA (atual),1
100.6276150627615,50.27426826899777,Base ASA (atual),1
100.9623430962343,50.3602481937276,Base ASA (atual),1
101.2970711297071,50.44616276569195,Base ASA (atual),1
101.63179916317992,50.53201215658817,Base ASA (atual),1
101.96652719665272,50.61779653670218,Base ASA (atual),1
102.30125523012552,50.70351607492727,Base ASA (atual),1
102.63598326359832,50.78917093878154,Base ASA (atual),1
102.97071129707112,50.87476129442628,Base ASA (atual),1
103.30543933054393,50.960287306683256,Base ASA (atual),1
103.64016736401673,51.045749139051466,Base ASA (atual),1
103.97489539748953,51.131146953724425,Base ASA (atual),1
104.30962343096235,51.21648091160636,Base ASA (atual),1
104.64435146443515,51.30175117232871,Base ASA (atual),1
104.97907949790795,51.386957894266175,Base ASA (atual),1
105.31380753138075,51.47210123455228,Base ASA (atual),1
105.64853556485355,51.55718134909461,Base ASA (atual),1
105.98326359832636,51.64219839259052,Base ASA (atual),1
106.31799163179916,51.727152518541864,Base ASA (atual),1
106.65271966527196,51.81204387926932,Base ASA (atual),1
106.98744769874477,51.89687262592739,Base ASA (atual),1
107.32217573221757,51.98163890851868,Base ASA (atual),1
107.65690376569037,52.06634287590701,Base ASA (atual),1
107.99163179916317,52.15098467583214,Base ASA (atual),1
108.32635983263597,52.23556445492269,Base ASA (atual),1
108.66108786610879,52.32008235871008,Base ASA (atual),1
108.99581589958159,52.40453853164069,Base ASA (atual),1
109.33054393305439,52.488933117089736,Base ASA (atual),1
109.6652719665272,52.57326625737337,Base ASA (atual),1
110.0,52.657538093761005,Base ASA (atual),1
30.0,30.0,Base alumínio,2
30.334728033472803,30.331206094653396,Base alumínio,2
30.669456066945607,30.662027865949046,Base alumínio,2
31.00418410041841,30.992651689657734,Base alumínio,2
31.338912133891213,31.323129868175712,Base alumínio,2
31.673640167364017,31.65348980367133,Base alumínio,2
32.00836820083682,31.98374876150766,Base alumínio,2
32.34309623430963,32.31391875954484,Base alumínio,2
32.67782426778243,32.644008709483614,Base alumínio,2
33.012552301255226,32.97402551810658,Base alumínio,2
33.34728033472803,33.303974715229835,Base alumínio,2
33.68200836820084,33.633860841925475,Base alumínio,2
34.01673640167364,33.96368770176268,Base alumínio,2
34.35146443514644,34.29345853127141,Base alumínio,2
34.68619246861925,34.62317612419691,Base alumínio,2
35.02092050209205,34.952842917631585,Base alumínio,2
35.35564853556485,35.282461060376924,Base alumínio,2
35.69037656903765,35.61203246050557,Base alumínio,2
36.02510460251046,35.94155882636187,Base alumínio,2
36.35983263598327,36.27104169698462,Base alumínio,2
36.69456066945607,36.600482466380726,Base alumínio,2
37.029288702928866,36.929882405428614,Base alumínio,2
37.36401673640167,37.25924267552687,Base alumínio,2
37.69874476987448,37.588564343626516,Base alumínio,2
38.03347280334728,37.91784839497222,Base alumínio,2
38.36820083682008,38.24709573946042,Base alumínio,2
38.70292887029289,38.57630722348689,Base alumínio,2
39.03765690376569,38.905483633181724,Base alumínio,2
39.37238493723849,39.23462570412346,Base alumínio,2
39.70711297071129,39.5637341227858,Base alumínio,2
40.0418410041841,39.89280953477032,Base alumínio,2
40.37656903765691,40.22185254502459,Base alumínio,2
40.71129707112971,40.55086372500903,Base alumínio,2
41.046025104602506,40.87984361205765,Base alumínio,2
41.38075313807531,41.20879271529267,Base alumínio,2
41.71548117154812,41.53771151667658,Base alumínio,2
42.05020920502092,41.866600471735254,Base alumínio,2
42.38493723849372,42.19546001427038,Base alumínio,2
42.71966527196653,42.524290556709346,Base alumínio,2
43.05439330543933,42.85309249023387,Base alumínio,2
43.38912133891213,43.18186618899271,Base alumínio,2
43.72384937238493,43.5106120099857,Base alumínio,2
44.05857740585774,43.839330292798,Base alumínio,2
44.39330543933055,44.16802136345971,Base alumínio,2
44.72803347280335,44.49668553401404,Base alumínio,2
45.062761506276146,44.825323101985575,Base alumínio,2
45.39748953974895,45.15393435397676,Base alumínio,2
45.73221757322176,45.482519564554075,Base alumínio,2
46.06694560669456,45.811078997861934,Base alumínio,2
46.40167364016736,46.13961290635993,Base alumínio,2
46.73640167364017,46.46812153421963,Base alumínio,2
47.07112970711297,46.796605116455254,Base alumínio,2
47.40585774058577,47.12506387802504,Base alumínio,2
47.74058577405857,47.453498037065906,Base alumínio,2
48.07531380753138,47.78190780347782,Base alumínio,2
48.41004184100419,48.11029338024454,Base alumínio,2
48.74476987447699,48.43865496194865,Base alumínio,2
49.079497907949786,48.766992737886575,Base alumínio,2
49.41422594142259,49.09530689055159,Base alumínio,2
49.7489539748954,49.423597596392725,Base alumínio,2
50.0836820083682,49.751865026565746,Base alumínio,2
50.418410041841,50.08010934532858,Base alumínio,2
50.75313807531381,50.40833071308201,Base alumínio,2
51.08786610878661,50.73652928474791,Base alumínio,2
51.42259414225941,51.064705210450214,Base alumínio,2
51.75732217573221,51.392858636190404,Base alumínio,2
52.09205020920502,51.720989702171074,Base alumínio,2
52.42677824267783,52.049098545775415,Base alumínio,2
52.76150627615063,52.377185299882456,Base alumínio,2
53.096234309623426,52.70525009349323,Base alumínio,2
53.43096234309623,53.03329305235216,Base alumínio,2
53.76569037656904,53.361314297231495,Base alumínio,2
54.10041841004184,53.689313946853304,Base alumínio,2
54.43514644351464,54.01729211617107,Base alumínio,2
54.76987447698745,54.345248916954944,Base alumínio,2
55.10460251046025,54.67318445790992,Base alumínio,2
55.43933054393305,55.0010988452558,Base alumínio,2
55.77405857740585,55.32899218096834,Base alumínio,2
56.10878661087866,55.65686456567078,Base alumínio,2
56.44351464435147,55.984716096875836,Base alumínio,2
56.77824267782427,56.312546869539936,Base alumínio,2
57.112970711297066,56.640356976150926,Base alumínio,2
57.44769874476987,56.96814650727739,Base alumínio,2
57.78242677824268,57.29591554979041,Base alumínio,2
58.11715481171548,57.623664189719115,Base alumínio,2
58.45188284518828,57.95139251047563,Base alumínio,2
58.78661087866109,58.27910059338523,Base alumínio,2
59.12133891213389,58.606788517752854,Base alumínio,2
59.45606694560669,58.934456360926724,Base alumínio,2
59.79079497907949,59.26210419882519,Base alumínio,2
60.1255230125523,59.589732104135976,Base alumínio,2
60.46025104602511,59.91734014915376,Base alumínio,2
60.79497907949791,60.244928403984,Base alumínio,2
61.129707112970706,60.57249693705556,Base alumínio,2
61.46443514644351,60.90004581517012,Base alumínio,2
61.79916317991632,61.227575103549405,Base alumínio,2
62.13389121338912,61.555084865880815,Base alumínio,2
62.46861924686192,61.88257516482865,Base alumínio,2
62.80334728033473,62.21004606021008,Base alumínio,2
63.13807531380753,62.53749761182825,Base alumínio,2
63.47280334728033,62.864929877653616,Base alumínio,2
63.80753138075313,63.192342914324676,Base alumínio,2
64.14225941422595,63.519736777183994,Base alumínio,2
64.47698744769875,63.847111520312865,Base alumínio,2
64.81171548117155,64.1744671965648,Base alumínio,2
65.14644351464435,64.50180385806384,Base alumínio,2
65.48117154811715,64.82912155437513,Base alumínio,2
65.81589958158996,65.15642033531977,Base alumínio,2
66.15062761506276,65.48370024915106,Base alumínio,2
66.48535564853556,65.81096134304465,Base alumínio,2
66.82008368200837,66.13820366312538,Base alumínio,2
67.15481171548117,66.46542725449342,Base alumínio,2
67.48953974895397,66.79263216124943,Base alumínio,2
67.82426778242677,67.11981842651882,Base alumínio,2
68.15899581589957,67.44698609294063,Base alumínio,2
68.49372384937239,67.77413520083223,Base alumínio,2
68.82845188284519,68.10126579099321,Base alumínio,2
69.16317991631799,68.42837790287551,Base alumínio,2
69.4979079497908,68.75547157506598,Base alumínio,2
69.8326359832636,69.08254684530618,Base alumínio,2
70.1673640167364,69.40960375051189,Base alumínio,2
70.5020920502092,69.7366423267917,Base alumínio,2
70.836820083682,70.06366260946511,Base alumínio,2
71.17154811715481,70.39066463308019,Base alumínio,2
71.50627615062761,70.71764843143056,Base alumínio,2
71.84100418410041,71.0446140380402,Base alumínio,2
72.17573221757323,71.37156148430952,Base alumínio,2
72.51046025104603,71.69849080233108,Base alumínio,2
72.84518828451883,72.02540202304114,Base alumínio,2
73.17991631799163,72.35229517669919,Base alumínio,2
73.51464435146443,72.67917029290248,Base alumínio,2
73.84937238493724,73.00602740059965,Base alumínio,2
74.18410041841004,73.33286652810408,Base alumínio,2
74.51882845188284,73.65968770310708,Base alumínio,2
74.85355648535565,73.98649095269053,Base alumínio,2
75.18828451882845,74.31327630333901,Base alumínio,2
75.52301255230125,74.64004378141965,Base alumínio,2
75.85774058577405,74.96679341132601,Base alumínio,2
76.19246861924685,75.2935252182865,Base alumínio,2
76.52719665271967,75.62023922651366,Base alumínio,2
76.86192468619247,75.94693545967938,Base alumínio,2
77.19665271966527,76.27361394092563,Base alumínio,2
77.53138075313808,76.60027469287435,Base alumínio,2
77.86610878661088,76.9269177376375,Base alumínio,2
78.20083682008368,77.2535430968266,Base alumínio,2
78.53556485355648,77.58015079156218,Base alumínio,2
78.87029288702928,77.90674084248279,Base alumínio,2
79.2050209205021,78.2333132697541,Base alumínio,2
79.5397489539749,78.55986809354383,Base alumínio,2
79.8744769874477,78.8864053321669,Base alumínio,2
80.2092050209205,79.21292500488504,Base alumínio,2
80.5439330543933,79.53942713005631,Base alumínio,2
80.8786610878661,79.86591172560709,Base alumínio,2
81.2133891213389,80.19237880903961,Base alumínio,2
81.5481171548117,80.51882839743945,Base alumínio,2
81.88284518828452,80.84526050748269,Base alumínio,2
82.21757322175732,81.1716751554432,Base alumínio,2
82.55230125523012,81.49807235719939,Base alumínio,2
82.88702928870293,81.82445212824118,Base alumínio,2
83.22175732217573,82.15081448367631,Base alumínio,2
83.55648535564853,82.47715943823705,Base alumínio,2
83.89121338912133,82.80348700628635,Base alumínio,2
84.22594142259413,83.12979720229113,Base alumínio,2
84.56066945606695,83.45609003896234,Base alumínio,2
84.89539748953975,83.78236553005611,Base alumínio,2
85.23012552301255,84.10862368851843,Base alumínio,2
85.56485355648536,84.43486452695538,Base alumínio,2
85.89958158995816,84.76108805763855,Base alumínio,2
86.23430962343096,85.08729429251045,Base alumínio,2
86.56903765690376,85.41348324318977,Base alumínio,2
86.90376569037656,85.73965492097653,Base alumínio,2
87.23849372384937,86.06580933685701,Base alumínio,2
87.57322175732217,86.3919465015086,Base alumínio,2
87.90794979079497,86.71806642530478,Base alumínio,2
88.24267782426779,87.04416911831967,Base alumínio,2
88.57740585774059,87.37025459033259,Base alumínio,2
88.91213389121339,87.69632285083269,Base alumínio,2
89.24686192468619,88.02237390948939,Base alumínio,2
89.58158995815899,88.34840777429406,Base alumínio,2
89.9163179916318,88.6744244543552,Base alumínio,2
90.2510460251046,89.00042395804392,Base alumínio,2
90.5857740585774,89.32640629346216,Base alumínio,2
90.92050209205021,89.65237146844665,Base alumínio,2
91.25523012552301,89.97831949057277,Base alumínio,2
91.58995815899581,90.30425036715828,Base alumínio,2
91.92468619246861,90.63016410526718,Base alumínio,2
92.25941422594141,90.95606071171318,Base alumínio,2
92.59414225941423,91.28194019306348,Base alumínio,2
92.92887029288703,91.60780255564198,Base alumínio,2
93.26359832635983,91.933647805533,Base alumínio,2
93.59832635983264,92.25947594858448,Base alumínio,2
93.93305439330544,92.58528699041135,Base alumínio,2
94.26778242677824,92.91108093639862,Base alumínio,2
94.60251046025104,93.23685779170476,Base alumínio,2
94.93723849372384,93.56261756173035,Base alumínio,2
95.27196652719665,93.88836025026018,Base alumínio,2
95.60669456066945,94.21408586225493,Base alumínio,2
95.94142259414225,94.53979440199697,Base alumínio,2
96.27615062761507,94.86548587355688,Base alumínio,2
96.61087866108787,95.19116028079635,Base alumínio,2
96.94560669456067,95.51681762737098,Base alumínio,2
97.28033472803347,95.842457916733,Base alumínio,2
97.61506276150627,96.16808115213384,Base alumínio,2
97.94979079497908,96.49368733662692,Base alumínio,2
98.28451882845188,96.81927647307008,Base alumínio,2
98.61924686192468,97.14484856412814,Base alumínio,2
98.9539748953975,97.47040361227538,Base alumínio,2
99.2887029288703,97.79594161979796,Base alumínio,2
99.6234309623431,98.12146258879638,Base alumínio,2
99.9581589958159,98.44696652118769,Base alumínio,2
100.29288702928869,98.772453418708,Base alumínio,2
100.6276150627615,99.09792328291448,Base alumínio,2
100.9623430962343,99.42337611518778,Base alumínio,2
101.2970711297071,99.74881191673417,Base alumínio,2
101.63179916317992,100.07423068905419,Base alumínio,2
101.96652719665272,100.3996324320803,Base alumínio,2
102.30125523012552,100.72501714697314,Base alumínio,2
102.63598326359832,101.05038483426254,Base alumínio,2
102.97071129707112,101.37573549431426,Base alumínio,2
103.30543933054393,101.70106912733198,Base alumínio,2
103.64016736401673,102.02638573335922,Base alumínio,2
103.97489539748953,102.35168531228138,Base alumínio,2
104.30962343096235,102.67696786382741,Base alumínio,2
104.64435146443515,103.00223338757185,Base alumínio,2
104.97907949790795,103.3274818829364,Base alumínio,2
105.31380753138075,103.65271334919193,Base alumínio,2
105.64853556485355,103.97792778546011,Base alumínio,2
105.98326359832636,104.30312519071515,Base alumínio,2
106.31799163179916,104.62830556378552,Base alumínio,2
106.65271966527196,104.9534689033555,Base alumínio,2
106.98744769874477,105.27861520796705,Base alumínio,2
107.32217573221757,105.6037444760211,Base alumínio,2
107.65690376569037,105.92885670577948,Base alumínio,2
107.99163179916317,106.25395189536617,Base alumínio,2
108.32635983263597,106.5790300427691,Base alumínio,2
108.66108786610879,106.90409114584148,Base alumínio,2
108.99581589958159,107.22913520276927,Base alumínio,2
109.33054393305439,107.55416221021034,Base alumínio,2
109.6652719665272,107.87917216608729,Base alumínio,2
110.0,108.20416506772929,Base alumínio,2
30.0,30.0,Alumínio + quebra 2 mm,3
30.334728033472803,30.139090003435477,Alumínio + quebra 2 mm,3
30.669456066945607,30.274348819903192,Alumínio + quebra 2 mm,3
31.00418410041841,30.407709308498863,Alumínio + quebra 2 mm,3
31.338912133891213,30.53970374222442,Alumínio + quebra 2 mm,3
31.673640167364017,30.670608592464223,Alumínio + quebra 2 mm,3
32.00836820083682,30.800596974384707,Alumínio + quebra 2 mm,3
32.34309623430963,30.929788790103807,Alumínio + quebra 2 mm,3
32.67782426778243,31.05827259476766,Alumínio + quebra 2 mm,3
33.012552301255226,31.1861167865776,Alumínio + quebra 2 mm,3
33.34728033472803,31.313375972328963,Alumínio + quebra 2 mm,3
33.68200836820084,31.44009487401301,Alumínio + quebra 2 mm,3
34.01673640167364,31.56631086795867,Alumínio + quebra 2 mm,3
34.35146443514644,31.69205571121596,Alumínio + quebra 2 mm,3
34.68619246861925,31.81735675880164,Alumínio + quebra 2 mm,3
35.02092050209205,31.942237848096863,Alumínio + quebra 2 mm,3
35.35564853556485,32.066719957806356,Alumínio + quebra 2 mm,3
35.69037656903765,32.190821709597024,Alumínio + quebra 2 mm,3
36.02510460251046,32.31455975711553,Alumínio + quebra 2 mm,3
36.35983263598327,32.437949092576474,Alumínio + quebra 2 mm,3
36.69456066945607,32.56100329184395,Alumínio + quebra 2 mm,3
37.029288702928866,32.68373471282809,Alumínio + quebra 2 mm,3
37.36401673640167,32.8061546579058,Alumínio + quebra 2 mm,3
37.69874476987448,32.928273508237794,Alumínio + quebra 2 mm,3
38.03347280334728,33.05010083586414,Alumínio + quebra 2 mm,3
38.36820083682008,33.1716454980323,Alumínio + quebra 2 mm,3
38.70292887029289,33.292915717175696,Alumínio + quebra 2 mm,3
39.03765690376569,33.41391914919718,Alumínio + quebra 2 mm,3
39.37238493723849,33.53466294213889,Alumínio + quebra 2 mm,3
39.70711297071129,33.65515378688849,Alumínio + quebra 2 mm,3
40.0418410041841,33.77539796124247,Alumínio + quebra 2 mm,3
40.37656903765691,33.89540136838833,Alumínio + quebra 2 mm,3
40.71129707112971,34.015169570672086,Alumínio + quebra 2 mm,3
41.046025104602506,34.1347078193581,Alumínio + quebra 2 mm,3
41.38075313807531,34.25402108096359,Alumínio + quebra 2 mm,3
41.71548117154812,34.37311406065298,Alumínio + quebra 2 mm,3
42.05020920502092,34.49199122309388,Alumínio + quebra 2 mm,3
42.38493723849372,34.6106568111142,Alumínio + quebra 2 mm,3
42.71966527196653,34.72911486244533,Alumínio + quebra 2 mm,3
43.05439330543933,34.847369224792345,Alumínio + quebra 2 mm,3
43.38912133891213,34.96542356943876,Alumínio + quebra 2 mm,3
43.72384937238493,35.08328140355921,Alumínio + quebra 2 mm,3
44.05857740585774,35.200946081393994,Alumínio + quebra 2 mm,3
44.39330543933055,35.318420814413194,Alumínio + quebra 2 mm,3
44.72803347280335,35.435708680584156,Alumínio + quebra 2 mm,3
45.062761506276146,35.55281263283996,Alumínio + quebra 2 mm,3
45.39748953974895,35.66973550683451,Alumínio + quebra 2 mm,3
45.73221757322176,35.786480028056964,Alumínio + quebra 2 mm,3
46.06694560669456,35.903048818372824,Alumínio + quebra 2 mm,3
46.40167364016736,36.019444402048485,Alumínio + quebra 2 mm,3
46.73640167364017,36.13566921130819,Alumínio + quebra 2 mm,3
47.07112970711297,36.25172559147088,Alumínio + quebra 2 mm,3
47.40585774058577,36.36761580570421,Alumínio + quebra 2 mm,3
47.74058577405857,36.483342039432124,Alumínio + quebra 2 mm,3
48.07531380753138,36.598906404426906,Alumínio + quebra 2 mm,3
48.41004184100419,36.71431094261439,Alumínio + quebra 2 mm,3
48.74476987447699,36.829557629616176,Alumínio + quebra 2 mm,3
49.079497907949786,36.94464837805257,Alumínio + quebra 2 mm,3
49.41422594142259,37.05958504062553,Alumínio + quebra 2 mm,3
49.7489539748954,37.17436941299997,Alumínio + quebra 2 mm,3
50.0836820083682,37.28900323650059,Alumínio + quebra 2 mm,3
50.418410041841,37.40348820063698,Alumínio + quebra 2 mm,3
50.75313807531381,37.51782594547362,Alumínio + quebra 2 mm,3
51.08786610878661,37.63201806385308,Alumínio + quebra 2 mm,3
51.42259414225941,37.746066103487316,Alumínio + quebra 2 mm,3
51.75732217573221,37.85997156892332,Alumínio + quebra 2 mm,3
52.09205020920502,37.97373592339537,Alumínio + quebra 2 mm,3
52.42677824267783,38.087360590570654,Alumínio + quebra 2 mm,3
52.76150627615063,38.20084695619564,Alumínio + quebra 2 mm,3
53.096234309623426,38.31419636965138,Alumínio + quebra 2 mm,3
53.43096234309623,38.427410145422954,Alumínio + quebra 2 mm,3
53.76569037656904,38.54048956448934,Alumínio + quebra 2 mm,3
54.10041841004184,38.65343587563944,Alumínio + quebra 2 mm,3
54.43514644351464,38.76625029671842,Alumínio + quebra 2 mm,3
54.76987447698745,38.8789340158099,Alumínio + quebra 2 mm,3
55.10460251046025,38.9914881923567,Alumínio + quebra 2 mm,3
55.43933054393305,39.10391395822594,Alumínio + quebra 2 mm,3
55.77405857740585,39.2162124187205,Alumínio + quebra 2 mm,3
56.10878661087866,39.32838465354095,Alumínio + quebra 2 mm,3
56.44351464435147,39.44043171770012,Alumínio + quebra 2 mm,3
56.77824267782427,39.5523546423951,Alumínio + quebra 2 mm,3
57.112970711297066,39.66415443583635,Alumínio + quebra 2 mm,3
57.44769874476987,39.77583208403938,Alumínio + quebra 2 mm,3
57.78242677824268,39.88738855157906,Alumínio + quebra 2 mm,3
58.11715481171548,39.99882478230974,Alumínio + quebra 2 mm,3
58.45188284518828,40.11014170005287,Alumínio + quebra 2 mm,3
58.78661087866109,40.22134020925416,Alumínio + quebra 2 mm,3
59.12133891213389,40.33242119561129,Alumínio + quebra 2 mm,3
59.45606694560669,40.4433855266749,Alumínio + quebra 2 mm,3
59.79079497907949,40.55423405242331,Alumínio + quebra 2 mm,3
60.1255230125523,40.66496760581305,Alumínio + quebra 2 mm,3
60.46025104602511,40.77558700330566,Alumínio + quebra 2 mm,3
60.79497907949791,40.88609304537328,Alumínio + quebra 2 mm,3
61.129707112970706,40.99648651698313,Alumínio + quebra 2 mm,3
61.46443514644351,41.106768188062034,Alumínio + quebra 2 mm,3
61.79916317991632,41.21693881394255,Alumínio + quebra 2 mm,3
62.13389121338912,41.32699913579107,Alumínio + quebra 2 mm,3
62.46861924686192,41.43694988101935,Alumínio + quebra 2 mm,3
62.80334728033473,41.54679176367945,Alumínio + quebra 2 mm,3
63.13807531380753,41.65652548484421,Alumínio + quebra 2 mm,3
63.47280334728033,41.766151732971885,Alumínio + quebra 2 mm,3
63.80753138075313,41.87567118425874,Alumínio + quebra 2 mm,3
64.14225941422595,41.98508450297675,Alumínio + quebra 2 mm,3
64.47698744769875,42.09439234179961,Alumínio + quebra 2 mm,3
64.81171548117155,42.20359534211674,Alumínio + quebra 2 mm,3
65.14644351464435,42.31269413433579,Alumínio + quebra 2 mm,3
65.48117154811715,42.42168933817394,Alumínio + quebra 2 mm,3
65.81589958158996,42.530581562939034,Alumínio + quebra 2 mm,3
66.15062761506276,42.63937140780104,Alumínio + quebra 2 mm,3
66.48535564853556,42.74805946205342,Alumínio + quebra 2 mm,3
66.82008368200837,42.85664630536568,Alumínio + quebra 2 mm,3
67.15481171548117,42.96513250802776,Alumínio + quebra 2 mm,3
67.48953974895397,43.07351863118468,Alumínio + quebra 2 mm,3
67.82426778242677,43.181805227065134,Alumínio + quebra 2 mm,3
68.15899581589957,43.2899928392007,Alumínio + quebra 2 mm,3
68.49372384937239,43.39808200263866,Alumínio + quebra 2 mm,3
68.82845188284519,43.50607324414812,Alumínio + quebra 2 mm,3
69.16317991631799,43.613967082418434,Alumínio + quebra 2 mm,3
69.4979079497908,43.72176402825178,Alumínio + quebra 2 mm,3
69.8326359832636,43.829464584750006,Alumínio + quebra 2 mm,3
70.1673640167364,43.93706924749416,Alumínio + quebra 2 mm,3
70.5020920502092,44.0445785047198,Alumínio + quebra 2 mm,3
70.836820083682,44.15199283748632,Alumínio + quebra 2 mm,3
71.17154811715481,44.259312719840565,Alumínio + quebra 2 mm,3
71.50627615062761,44.36653861897598,Alumínio + quebra 2 mm,3
71.84100418410041,44.47367099538661,Alumínio + quebra 2 mm,3
72.17573221757323,44.58071030301668,Alumínio + quebra 2 mm,3
72.51046025104603,44.68765698940539,Alumínio + quebra 2 mm,3
72.84518828451883,44.794511495827514,Alumínio + quebra 2 mm,3
73.17991631799163,44.901274257430046,Alumínio + quebra 2 mm,3
73.51464435146443,45.00794570336434,Alumínio + quebra 2 mm,3
73.84937238493724,45.11452625691514,Alumínio + quebra 2 mm,3
74.18410041841004,45.221016335624924,Alumínio + quebra 2 mm,3
74.51882845188284,45.32741635141573,Alumínio + quebra 2 mm,3
74.85355648535565,45.433726710706665,Alumínio + quebra 2 mm,3
75.18828451882845,45.539947814528404,Alumínio + quebra 2 mm,3
75.52301255230125,45.646080058634666,Alumínio + quebra 2 mm,3
75.85774058577405,45.75212383361071,Alumínio + quebra 2 mm,3
76.19246861924685,45.85807952497748,Alumínio + quebra 2 mm,3
76.52719665271967,45.96394751329534,Alumínio + quebra 2 mm,3
76.86192468619247,46.06972817426264,Alumínio + quebra 2 mm,3
77.19665271966527,46.175421878812934,Alumínio + quebra 2 mm,3
77.53138075313808,46.2810289932092,Alumínio + quebra 2 mm,3
77.86610878661088,46.38654987913548,Alumínio + quebra 2 mm,3
78.20083682008368,46.491984893786174,Alumínio + quebra 2 mm,3
78.53556485355648,46.59733438995351,Alumínio + quebra 2 mm,3
78.87029288702928,46.70259871611155,Alumínio + quebra 2 mm,3
79.2050209205021,46.807778216498896,Alumínio + quebra 2 mm,3
79.5397489539749,46.912873231199235,Alumínio + quebra 2 mm,3
79.8744769874477,47.0178840962197,Alumínio + quebra 2 mm,3
80.2092050209205,47.12281114356711,Alumínio + quebra 2 mm,3
80.5439330543933,47.22765470132203,Alumínio + quebra 2 mm,3
80.8786610878661,47.33241509371203,Alumínio + quebra 2 mm,3
81.2133891213389,47.43709264118153,Alumínio + quebra 2 mm,3
81.5481171548117,47.54168766046194,Alumínio + quebra 2 mm,3
81.88284518828452,47.64620046463765,Alumínio + quebra 2 mm,3
82.21757322175732,47.75063136321269,Alumínio + quebra 2 mm,3
82.55230125523012,47.85498066217429,Alumínio + quebra 2 mm,3
82.88702928870293,47.95924866405558,Alumínio + quebra 2 mm,3
83.22175732217573,48.06343566799658,Alumínio + quebra 2 mm,3
83.55648535564853,48.16754196980346,Alumínio + quebra 2 mm,3
83.89121338912133,48.27156786200731,Alumínio + quebra 2 mm,3
84.22594142259413,48.37551363392036,Alumínio + quebra 2 mm,3
84.56066945606695,48.47937957169176,Alumínio + quebra 2 mm,3
84.89539748953975,48.58316595836147,Alumínio + quebra 2 mm,3
85.23012552301255,48.68687307391369,Alumínio + quebra 2 mm,3
85.56485355648536,48.79050119532788,Alumínio + quebra 2 mm,3
85.89958158995816,48.89405059662995,Alumínio + quebra 2 mm,3
86.23430962343096,48.997521548941144,Alumínio + quebra 2 mm,3
86.56903765690376,49.100914320526655,Alumínio + quebra 2 mm,3
86.90376569037656,49.20422917684274,Alumínio + quebra 2 mm,3
87.23849372384937,49.30746638058239,Alumínio + quebra 2 mm,3
87.57322175732217,49.41062619172148,Alumínio + quebra 2 mm,3
87.90794979079497,49.513708867561974,Alumínio + quebra 2 mm,3
88.24267782426779,49.616714662775294,Alumínio + quebra 2 mm,3
88.57740585774059,49.71964382944496,Alumínio + quebra 2 mm,3
88.91213389121339,49.822496617107284,Alumínio + quebra 2 mm,3
89.24686192468619,49.92527327279232,Alumínio + quebra 2 mm,3
89.58158995815899,50.02797404106314,Alumínio + quebra 2 mm,3
89.9163179916318,50.13059916405465,Alumínio + quebra 2 mm,3
90.2510460251046,50.23314888151149,Alumínio + quebra 2 mm,3
90.5857740585774,50.3356234308251,Alumínio + quebra 2 mm,3
90.92050209205021,50.43802304707002,Alumínio + quebra 2 mm,3
91.25523012552301,50.54034796303951,Alumínio + quebra 2 mm,3
91.58995815899581,50.642598409280545,Alumínio + quebra 2 mm,3
91.92468619246861,50.74477461412765,Alumínio + quebra 2 mm,3
92.25941422594141,50.84687680373646,Alumínio + quebra 2 mm,3
92.59414225941423,50.94890520211648,Alumínio + quebra 2 mm,3
92.92887029288703,51.05086003116329,Alumínio + quebra 2 mm,3
93.26359832635983,51.15274151068954,Alumínio + quebra 2 mm,3
93.59832635983264,51.254549858456485,Alumínio + quebra 2 mm,3
93.93305439330544,51.35628529020329,Alumínio + quebra 2 mm,3
94.26778242677824,51.457948019677424,Alumínio + quebra 2 mm,3
94.60251046025104,51.55953825866325,Alumínio + quebra 2 mm,3
94.93723849372384,51.66105621701054,Alumínio + quebra 2 mm,3
95.27196652719665,51.76250210266236,Alumínio + quebra 2 mm,3
95.60669456066945,51.86387612168252,Alumínio + quebra 2 mm,3
95.94142259414225,51.96517847828226,Alumínio + quebra 2 mm,3
96.27615062761507,52.06640937484672,Alumínio + quebra 2 mm,3
96.61087866108787,52.16756901196051,Alumínio + quebra 2 mm,3
96.94560669456067,52.26865758843322,Alumínio + quebra 2 mm,3
97.28033472803347,52.36967530132425,Alumínio + quebra 2 mm,3
97.61506276150627,52.470622345966916,Alumínio + quebra 2 mm,3
97.94979079497908,52.571498915992755,Alumínio + quebra 2 mm,3
98.28451882845188,52.67230520335471,Alumínio + quebra 2 mm,3
98.61924686192468,52.7730413983503,Alumínio + quebra 2 mm,3
98.9539748953975,52.87370768964407,Alumínio + quebra 2 mm,3
99.2887029288703,52.97430426429003,Alumínio + quebra 2 mm,3
99.6234309623431,53.07483130775317,Alumínio + quebra 2 mm,3
99.9581589958159,53.17528900393096,Alumínio + quebra 2 mm,3
100.29288702928869,53.275677535174445,Alumínio + quebra 2 mm,3
100.6276150627615,53.375997082308736,Alumínio + quebra 2 mm,3
100.9623430962343,53.47624782465332,Alumínio + quebra 2 mm,3
101.2970711297071,53.57642994004196,Alumínio + quebra 2 mm,3
101.63179916317992,53.67654360484221,Alumínio + quebra 2 mm,3
101.96652719665272,53.77658899397455,Alumínio + quebra 2 mm,3
102.30125523012552,53.876566280931364,Alumínio + quebra 2 mm,3
102.63598326359832,53.97647563779545,Alumínio + quebra 2 mm,3
102.97071129707112,54.07631723525821,Alumínio + quebra 2 mm,3
103.30543933054393,54.176091242637234,Alumínio + quebra 2 mm,3
103.64016736401673,54.27579782789443,Alumínio + quebra 2 mm,3
103.97489539748953,54.37543715765301,Alumínio + quebra 2 mm,3
104.30962343096235,54.475009397214535,Alumínio + quebra 2 mm,3
104.64435146443515,54.57451471057517,Alumínio + quebra 2 mm,3
104.97907949790795,54.6739532604428,Alumínio + quebra 2 mm,3
105.31380753138075,54.77332520825286,Alumínio + quebra 2 mm,3
105.64853556485355,54.87263071418411,Alumínio + quebra 2 mm,3
105.98326359832636,54.97186993717412,Alumínio + quebra 2 mm,3
106.31799163179916,55.07104303493504,Alumínio + quebra 2 mm,3
106.65271966527196,55.17015016396818,Alumínio + quebra 2 mm,3
106.98744769874477,55.26919147957927,Alumínio + quebra 2 mm,3
107.32217573221757,55.36816713589276,Alumínio + quebra 2 mm,3
107.65690376569037,55.467077285866175,Alumínio + quebra 2 mm,3
107.99163179916317,55.56592208130452,Alumínio + quebra 2 mm,3
108.32635983263597,55.66470167287369,Alumínio + quebra 2 mm,3
108.66108786610879,55.76341621011455,Alumínio + quebra 2 mm,3
108.99581589958159,55.86206584145645,Alumínio + quebra 2 mm,3
109.33054393305439,55.960650714229665,Alumínio + quebra 2 mm,3
109.6652719665272,56.05917097467935,Alumínio + quebra 2 mm,3
110.0,56.157626767978115,Alumínio + quebra 2 mm,3
