sf,n_nos,p_colisao
7,1,0.00018856888531904037
7,2,0.00037710221241360475
7,3,0.0005655999879887741
7,4,0.0007540622187485191
7,5,0.0009424889113954782
7,6,0.0011308800726310686
7,7,0.0013192357091553752
7,8,0.0015075558276672618
7,9,0.0016958404348643707
7,10,0.0018840895374429012
7,11,0.002072303142098053
7,12,0.002260481255523472
7,13,0.0024486238844119157
7,14,0.002636731035454476
7,15,0.002824802715341246
7,16,0.003012838930761097
7,17,0.0032008396884012358
7,18,0.0033888049949482024
7,19,0.0035767348570867608
7,20,0.0037646292815006754
7,21,0.00395248827487249
7,22,0.004140311843883304
7,23,0.004328099995213108
7,24,0.004515852735540449
7,25,0.004703570071542873
7,26,0.004891252009896485
7,27,0.005078898557276279
7,28,0.005266509720355694
7,29,0.005454085505807171
7,30,0.00564162592030204
7,31,0.005829130970509855
7,32,0.006016600663099392
7,33,0.006204035004737984
7,34,0.006391434002091745
7,35,0.006578797661825342
7,36,0.006766125990602556
7,37,0.006953418995085614
7,38,0.0071406766819356315
7,39,0.007327899057812282
7,40,0.007515086129374349
7,41,0.007702237903278841
7,42,0.00788935438618199
7,43,0.008076435584738584
7,44,0.008263481505601966
7,45,0.008450492155424705
7,46,0.00863746754085759
7,47,0.008824407668550416
7,48,0.009011312545151862
7,49,0.009198182177308944
7,50,0.009385016571667903
7,51,0.009571815734873312
7,52,0.009758579673568746
7,53,0.009945308394396446
7,54,0.010132001903997323
7,55,0.010318660209011288
7,56,0.010505283316076808
7,57,0.010691871231830907
7,58,0.010878423962909833
7,59,0.011064941515948168
7,60,0.011251423897579382
7,61,0.011437871114435838
7,62,0.011624283173148342
7,63,0.011810660080346813
7,64,0.011997001842659616
7,65,0.012183308466714005
7,66,0.012369579959136012
7,67,0.012555816326550229
7,68,0.012742017575580356
7,69,0.012928183712848429
7,70,0.013114314744975486
7,71,0.013300410678581343
7,72,0.013486471520284482
7,73,0.013672497276702056
7,74,0.013858487954450105
7,75,0.014044443560143338
7,76,0.014230364100395354
7,77,0.014416249581818197
7,78,0.014602100011023134
7,79,0.014787915394619766
7,80,0.014973695739216697
7,81,0.015159441051421085
7,82,0.01534515133783898
7,83,0.01553082660507521
7,84,0.01571646685973327
7,85,0.01590207210841532
7,86,0.016087642357722642
7,87,0.01627317761425484
7,88,0.01645867788461064
7,89,0.016644143175387094
7,90,0.016829573493180483
7,91,0.017014968844585532
7,92,0.017200329236195744
7,93,0.017385654674603623
7,94,0.01757094516640012
7,95,0.017756200718175186
7,96,0.017941421336517216
7,97,0.01812660702801383
7,98,0.018311757799250983
7,99,0.01849687365681363
7,100,0.018681954607285278
9,1,0.0006176225259724166
9,2,0.0012348635943602027
9,3,0.0018517234407601224
9,4,0.002468202300623612
9,5,0.0030843004092565574
9,6,0.003700018001819294
9,7,0.004315355313327274
9,8,0.004930312578650509
9,9,0.005544890032514238
9,10,0.006159087909498484
9,11,0.006772906444038496
9,12,0.007386345870424749
9,13,0.007999406422802946
9,14,0.008612088335174128
9,15,0.009224391841395119
9,16,0.009836317175177856
9,17,0.01044786457009017
9,18,0.011059034259555789
9,19,0.011669826476853995
9,20,0.012280241455120078
9,21,0.01289027942734533
9,22,0.013499940626377382
9,23,0.014109225284919535
9,24,0.014718133635531983
9,25,0.01532666591063081
9,26,0.015934822342488664
9,27,0.01654260316323497
9,28,0.017150008604855493
9,29,0.01775703889919289
9,30,0.018363694277946596
9,31,0.01896997497267283
9,32,0.01957588121478493
9,33,0.020181413235553336
9,34,0.020786571266105502
9,35,0.021391355537426215
9,36,0.021995766280357598
9,37,0.02259980372559911
9,38,0.02320346810370799
9,39,0.02380675964509893
9,40,0.02440967858004406
9,41,0.025012225138673627
9,42,0.025614399550975664
9,43,0.02621620204679609
9,44,0.026817632855838935
9,45,0.02741869220766635
9,46,0.028019380331698485
9,47,0.028619697457214266
9,48,0.029219643813350515
9,49,0.029819219629102944
9,50,0.03041842513332549
9,51,0.031017260554730863
9,52,0.031615726121890675
9,53,0.0322138220632352
9,54,0.03281154860705371
9,55,0.033408905981494263
9,56,0.034005894414564364
9,57,0.03460251413413051
9,58,0.03519876536791833
9,59,0.03579464834351309
9,60,0.03639016328835931
9,61,0.03698531042976094
9,62,0.03758008999488183
9,63,0.038174502210745254
9,64,0.03876854730423451
9,65,0.03936222550209256
9,66,0.03995553703092247
9,67,0.0405484821171872
9,68,0.04114106098721004
9,69,0.04173327386717429
9,70,0.0423251209831238
9,71,0.042916602560962414
9,72,0.04350771882645499
9,73,0.04409847000522649
9,74,0.04468885632276265
9,75,0.04527887800441022
9,76,0.045868535275376265
9,77,0.0464578283607292
9,78,0.04704675748539833
9,79,0.04763532287417371
9,80,0.04822352475170699
9,81,0.048811363342511016
9,82,0.04939883887095964
9,83,0.04998595156128838
9,84,0.05057270163759431
9,85,0.05115908932383606
9,86,0.05174511484383382
9,87,0.05233077842126965
9,88,0.052916080279687305
9,89,0.05350102064249285
9,90,0.054085599732953904
9,91,0.054669817774200435
9,92,0.05525367498922473
9,93,0.055837171600880975
9,94,0.05642030783188601
9,95,0.05700308390481912
9,96,0.05758550004212204
9,97,0.05816755646609906
9,98,0.05874925339891712
9,99,0.0593305910626063
9,100,0.059911569679059196
12,1,0.0043867234307944925
12,2,0.008754203519130699
12,3,0.013102524680229877
12,4,0.017431770959006943
12,5,0.021742026031695283
12,6,0.026033373207463573
12,7,0.030305895430026264
12,8,0.03455967527924664
12,9,0.03879479497273308
12,10,0.04301133636742771
12,11,0.04720938096118943
12,12,0.05138900989436812
12,13,0.055550303951373725
12,14,0.05969334356223688
12,15,0.06381820880416444
12,16,0.0679249794030864
12,17,0.07201373473519712
12,18,0.07608455382848966
12,19,0.08013751536428315
12,20,0.08417269767874347
12,21,0.08819017876439739
12,22,0.09219003627164013
12,23,0.09617234751023607
12,24,0.10013718945081285
12,25,0.10408463872634954
12,26,0.10801477163365736
12,27,0.11192766413485455
12,28,0.11582339185883461
12,29,0.11970203010272784
12,30,0.12356365383335699
12,31,0.1274083376886861
12,32,0.13123615597926308
12,33,0.13504718268965588
12,34,0.1388414914798829
12,35,0.14261915568683603
12,36,0.14638024832569896
12,37,0.15012484209135757
12,38,0.15385300935980561
12,39,0.15756482218954315
12,40,0.16126035232296987
12,41,0.16493967118777098
12,42,0.16860284989829843
12,43,0.17224995925694542
12,44,0.17588106975551399
12,45,0.17949625157657878
12,46,0.1830955745948425
12,47,0.186679108378487
12,48,0.19024692219051775
12,49,0.19379908499010257
12,50,0.19733566543390435
12,51,0.2008567318774086
12,52,0.20436235237624356
12,53,0.20785259468749695
12,54,0.21132752627102436
12,55,0.21478721429075387
12,56,0.21823172561598403
12,57,0.22166112682267614
12,58,0.22507548419474122
12,59,0.22847486372532122
12,60,0.23185933111806434
12,61,0.23522895178839487
12,62,0.238583790864778
12,63,0.24192391318997808
12,64,0.2452493833223126
12,65,0.24856026553689914
12,66,0.25185662382689844
12,67,0.2551385219047507
12,68,0.25840602320340733
12,69,0.26165919087755696
12,70,0.26489808780484614
12,71,0.2681227765870945
12,72,0.27133331955150464
12,73,0.27452977875186735
12,74,0.27771221596976015
12,75,0.28088069271574223
12,76,0.28403527023054276
12,77,0.2871760094862449
12,78,0.29030297118746395
12,79,0.2934162157725212
12,80,0.29651580341461126
12,81,0.29960179402296605
12,82,0.30267424724401193
12,83,0.305733222462523
12,84,0.3087787788027688
12,85,0.31181097512965705
12,86,0.3148298700498714
12,87,0.3178355219130041
12,88,0.32082798881268404
12,89,0.32380732858769923
12,90,0.3267735988231151
12,91,0.32972685685138714
12,92,0.3326671597534695
12,93,0.3355945643599175
12,94,0.3385091272519871
12,95,0.3414109047627275
12,96,0.3442999529780706
12,97,0.3471763277379146
12,98,0.35004008463720404
12,99,0.35289127902700324
12,100,0.35572996601556695
