versao,cap,valor,serve,euclid_mm,pista_mm,vias,l_pista_nh,l_vias_nh,l_total_nh
v1,C2,100n,U1.2,2.737,2.807,0,2.191,0.000,2.191
v1,C3,10u,U1.2,4.633,7.028,0,5.487,0.000,5.487
v1,C7,100n,U3.3,4.025,4.456,2,3.478,2.599,6.077
v1,C8,10u,U3.3,11.108,36.061,6,28.152,7.796,35.948
v1,C10,1u,U4.3,4.394,4.514,0,3.524,0.000,3.524
v1,C4,100n,U2.13,6.087,8.311,0,6.489,0.000,6.489
v2,C2,100n,U1.2,2.424,2.307,0,1.801,0.000,1.801
v2,C3,10u,U1.2,3.982,6.390,2,4.989,2.599,7.587
v2,C7,100n,U3.3,2.817,3.056,2,2.385,2.599,4.984
v2,C8,10u,U3.3,3.748,3.894,0,3.040,0.000,3.040
v2,C10,1u,U4.3,3.106,3.304,2,2.580,2.599,5.178
v2,C4,100n,U2.13,2.305,2.573,0,2.009,0.000,2.009
