cenario,p_w,t_parede,r_int_kw,t_placa,t_placa_radiativo
bancada,0.00,30.000,11.05,30.000,30.000
bancada,0.25,32.063,9.73,34.495,34.495
bancada,0.50,33.928,9.07,38.462,38.462
bancada,1.00,37.432,8.37,45.805,45.805
motor frio,0.00,30.000,11.05,30.000,30.000
motor frio,0.25,31.989,9.77,34.430,34.430
motor frio,0.50,33.798,9.10,38.350,38.350
motor frio,1.00,37.211,8.41,45.619,45.619
motor quente,0.00,35.141,8.78,35.141,38.341
motor quente,0.25,36.833,8.47,38.950,42.150
motor quente,0.50,38.482,8.22,42.594,45.794
motor quente,1.00,41.679,7.86,49.534,52.734
