"Reference","Value","Footprint"
"C1,C2,C4,C5,C7,C11,C12","100n","Capacitor_SMD:C_0805_2012Metric"
"C3,C8","10u","Capacitor_SMD:C_0805_2012Metric"
"C6","2n2","Capacitor_SMD:C_0805_2012Metric"
"C9,C10,C13,C14","1u","Capacitor_SMD:C_0805_2012Metric"
"C15","220n","Capacitor_SMD:C_0805_2012Metric"
"J1","LiPo 3,7V","Connector_JST:JST_PH_S2B-PH-SM4-TB_1x02-1MP_P2.00mm_Horizontal"
"J2","UART/BOOT","Connector_PinHeader_2.54mm:PinHeader_1x06_P2.54mm_Vertical"
"J3","USB-C 5V","Connector_USB:USB_C_Receptacle_GCT_USB4125-xx-x_6P_TopMnt_Horizontal"
"Q1,Q3","SI2301CDS","Package_TO_SOT_SMD:SOT-23"
"Q2","BC847B","Package_TO_SOT_SMD:SOT-23"
"R1,R5-R7","10k","Resistor_SMD:R_0805_2012Metric"
"R2,R3","4k7","Resistor_SMD:R_0805_2012Metric"
"R4,R8","100k","Resistor_SMD:R_0805_2012Metric"
"R9,R10","1M","Resistor_SMD:R_0805_2012Metric"
"R11,R12","5k1","Resistor_SMD:R_0805_2012Metric"
"R13","2k7","Resistor_SMD:R_0805_2012Metric"
"RT1","NTC 10k B3950","Resistor_SMD:R_0805_2012Metric"
"RT2","NTC 10k B3380 (103AT)","Resistor_SMD:R_0805_2012Metric"
"U1","ESP32-S3-WROOM-1U-N16R8","RF_Module:ESP32-S3-WROOM-1U"
"U2","MPU-6050","Sensor_Motion:InvenSense_QFN-24_4x4mm_P0.5mm"
"U3","Ai-Thinker Ra-02 (SX1278)","RF_Module:Ai-Thinker-Ra-01-LoRa"
"U4","HT7333","Package_TO_SOT_SMD:SOT-89-3"
"U5","BQ21040DBV","Package_TO_SOT_SMD:SOT-23-6"
